[{"model": "auth.group", "pk": 1, "fields": {"name": "SiteAdministrators", "permissions": [52, 53, 54, 19, 20, 21, 43, 44, 45, 40, 41, 42, 76, 77, 78, 64, 65, 66, 34, 35, 36, 49, 50, 51, 31, 32, 33, 56, 22, 23, 24, 67, 68, 69, 61, 62, 63, 73, 74, 75, 46, 47, 48, 70, 71, 72, 25, 26, 27, 58, 59, 60, 37, 38, 39, 28, 29, 30, 4, 5, 6, 7, 8, 9, 10, 11, 12]}}, {"model": "auth.group", "pk": 2, "fields": {"name": "SiteMembers", "permissions": [76, 77, 78, 31, 32, 33]}}, {"model": "auth.user", "pk": 1, "fields": {"password": "pbkdf2_sha256$36000$NMzAJafmA9Wq$dSW4VtrQG5vki6ZvdWGCYUOdtlRs0zGfSKnnJgxmHlw=", "last_login": "2017-06-25T22:58:47.828Z", "is_superuser": true, "username": "virsunen", "first_name": "", "last_name": "", "email": "virsunen@gmail.com", "is_staff": true, "is_active": true, "date_joined": "2017-06-07T21:10:41.191Z", "groups": [], "user_permissions": []}}, {"model": "auth.user", "pk": 3, "fields": {"password": "pbkdf2_sha256$36000$hzLsWn5g2Xph$MZ/oK3w98OQUyPvHOZQ4Wm5FMJbp4FBA6yN3p9UJPy0=", "last_login": "2017-06-22T16:42:04.702Z", "is_superuser": false, "username": "glenn_admin", "first_name": "Glenn", "last_name": "Hunter", "email": "", "is_staff": true, "is_active": true, "date_joined": "2017-06-22T15:20:00Z", "groups": [1], "user_permissions": []}}, {"model": "auth.user", "pk": 6, "fields": {"password": "pbkdf2_sha256$36000$j29uxx68439c$W+nJeB4aMNXH5aBvMptFe9lkqKAwIcVSSF2TCDGkZ/Y=", "last_login": null, "is_superuser": false, "username": "elizabethhyde@gmail.com", "first_name": "Elizabeth", "last_name": "Hyde", "email": "elizabethhyde@gmail.com", "is_staff": true, "is_active": true, "date_joined": "2017-06-24T14:40:00Z", "groups": [2], "user_permissions": []}}, {"model": "auth.user", "pk": 7, "fields": {"password": "pbkdf2_sha256$36000$HWtouUgPSReC$BistUv3bdtJ4gsNj3R5ls8U4G9dlWAXQvBypiS9hP/E=", "last_login": null, "is_superuser": false, "username": "mastewart@icloud.com", "first_name": "Mike", "last_name": "Stewart", "email": "mastewart@icloud.com", "is_staff": true, "is_active": true, "date_joined": "2017-06-24T14:42:00Z", "groups": [2], "user_permissions": []}}, {"model": "auth.user", "pk": 8, "fields": {"password": "pbkdf2_sha256$36000$ysMMc0gE02YQ$Tzvs7ZhEQGNE3ZeAoFUwLmoTLF8mfCtFaXDCOWTQFAE=", "last_login": null, "is_superuser": false, "username": "owensbrittany@hotmail.com", "first_name": "Brittany", "last_name": "Owens", "email": "owensbrittany@hotmail.com", "is_staff": true, "is_active": true, "date_joined": "2017-06-24T14:44:00Z", "groups": [2], "user_permissions": []}}, {"model": "auth.user", "pk": 9, "fields": {"password": "pbkdf2_sha256$36000$rCnZ95exgsa3$UvXnCOZLlLCju0WqZm8dcmSM3IqUJSoWqENvgdOL5xk=", "last_login": null, "is_superuser": false, "username": "shelagh@bell.net", "first_name": "Shelagh", "last_name": "Landsmann", "email": "shelagh@bell.net", "is_staff": true, "is_active": true, "date_joined": "2017-06-24T14:45:00Z", "groups": [2], "user_permissions": []}}, {"model": "auth.user", "pk": 10, "fields": {"password": "pbkdf2_sha256$36000$q4455TtvJwQe$QACQoEzKDccU5aEqQaG9SVl6yZyLISeZMfv6J0NSpWU=", "last_login": null, "is_superuser": false, "username": "jenchrreb@yahoo.com", "first_name": "Cathy", "last_name": "Miller", "email": "jenchrreb@yahoo.com", "is_staff": true, "is_active": true, "date_joined": "2017-06-24T14:46:00Z", "groups": [2], "user_permissions": []}}, {"model": "auth.user", "pk": 11, "fields": {"password": "pbkdf2_sha256$36000$n8VuypMwGShg$maEOM+QHS8OmyHD7nS2DuwxU34oT47oJRYZfwfLv7OM=", "last_login": null, "is_superuser": false, "username": "johnpitblado@yahoo.ca", "first_name": "John", "last_name": "Pitblado", "email": "johnpitblado@yahoo.ca", "is_staff": true, "is_active": true, "date_joined": "2017-06-24T14:47:00Z", "groups": [2], "user_permissions": []}}, {"model": "auth.user", "pk": 12, "fields": {"password": "pbkdf2_sha256$36000$eBOG2Je7tMSm$a6sqXbsZOGOt62JlqVF7QzF8FkiR+MkvYiJbpU6q0FY=", "last_login": null, "is_superuser": false, "username": "edwardbeqaj@gmail.com", "first_name": "Eddie", "last_name": "Beqaj", "email": "edwardbeqaj@gmail.com", "is_staff": true, "is_active": true, "date_joined": "2017-06-24T14:48:00Z", "groups": [2], "user_permissions": []}}, {"model": "auth.user", "pk": 13, "fields": {"password": "pbkdf2_sha256$36000$lw36ueOtLbz1$GgveGI4z87jXRRQ99Jvd4IlnCrh/+RB1FzXTahXOrC8=", "last_login": null, "is_superuser": false, "username": "rickardjg@hotmail.com", "first_name": "Jim", "last_name": "Rickard", "email": "rickardjg@hotmail.com", "is_staff": true, "is_active": true, "date_joined": "2017-06-24T14:50:00Z", "groups": [2], "user_permissions": []}}, {"model": "auth.user", "pk": 14, "fields": {"password": "pbkdf2_sha256$36000$sZNtuiLcJXnV$LMG6tyEC9hDNKF4Zf0pBaneipqrhyl7qLolDKYQk//8=", "last_login": null, "is_superuser": false, "username": "mediaguy@theduckpond.tv", "first_name": "Jim", "last_name": "Patterson", "email": "", "is_staff": true, "is_active": true, "date_joined": "2017-06-24T14:52:00Z", "groups": [2], "user_permissions": []}}, {"model": "auth.user", "pk": 15, "fields": {"password": "pbkdf2_sha256$36000$dNhkESbTLZzl$2IVv3q2Gcz5nOFtSfKhfLlWaD6u3yzU41Lmgw9DBQ74=", "last_login": null, "is_superuser": false, "username": "gshunter@sympatico.ca", "first_name": "Glenn", "last_name": "Hunter", "email": "gshunter@sympatico.ca", "is_staff": true, "is_active": true, "date_joined": "2017-06-24T14:54:00Z", "groups": [2], "user_permissions": []}}, {"model": "auth.user", "pk": 16, "fields": {"password": "pbkdf2_sha256$36000$sfwcdKu570a0$nYiLqIaqnwLgMRmNItg6T8JMDqsPomexZF+DYN/ixxk=", "last_login": null, "is_superuser": false, "username": "bigjuli@rogers.com", "first_name": "Julian", "last_name": "Pope", "email": "bigjuli@rogers.com", "is_staff": true, "is_active": true, "date_joined": "2017-06-24T14:55:00Z", "groups": [2], "user_permissions": []}}, {"model": "auth.user", "pk": 17, "fields": {"password": "pbkdf2_sha256$36000$Xyan6J1Oy1La$SMW+xUS7bL6kCRc1sTBo3tCXQT9pTXeaUVWeVRyvmns=", "last_login": null, "is_superuser": false, "username": "Michael-Nolan", "first_name": "Michael", "last_name": "Nolan", "email": "", "is_staff": true, "is_active": true, "date_joined": "2017-06-24T15:01:00Z", "groups": [2], "user_permissions": []}}, {"model": "auth.user", "pk": 18, "fields": {"password": "pbkdf2_sha256$36000$zeggDZOG1nRn$JWu0QfpOrT4gU84enD7eCDIaDOAEb9lRvevqpxuLMoU=", "last_login": null, "is_superuser": false, "username": "michaelboughner@rogers.com", "first_name": "Michael", "last_name": "Boughner", "email": "michaelboughner@rogers.com", "is_staff": true, "is_active": true, "date_joined": "2017-06-24T15:03:00Z", "groups": [2], "user_permissions": []}}, {"model": "auth.user", "pk": 19, "fields": {"password": "pbkdf2_sha256$36000$C9QQbgxtXs8C$ArAdvupJza2X7i2iGcm9E21mxCzsi0+Ex8D1dqY28TY=", "last_login": null, "is_superuser": false, "username": "lgminty@gmail.com", "first_name": "Len", "last_name": "Minty", "email": "lgminty@gmail.com", "is_staff": true, "is_active": true, "date_joined": "2017-06-24T15:04:00Z", "groups": [2], "user_permissions": []}}, {"model": "auth.user", "pk": 20, "fields": {"password": "pbkdf2_sha256$36000$IBP6OzCx2QwA$JWY01FODNCy9dMVYpZ+CCPQUYu228Hj5JdndaLe7vDw=", "last_login": null, "is_superuser": false, "username": "g.j.greenwood@xplornet.ca", "first_name": "Jane", "last_name": "Greenwood", "email": "g.j.greenwood@xplornet.ca", "is_staff": true, "is_active": true, "date_joined": "2017-06-24T15:06:00Z", "groups": [2], "user_permissions": []}}, {"model": "auth.user", "pk": 21, "fields": {"password": "pbkdf2_sha256$36000$v0hHOsOhSF5k$8O1rpgF54xPhaSmgXB2L1hVbJWdlOpsT8qwbZtA5n7E=", "last_login": null, "is_superuser": false, "username": "thecraigfamily@sympatico.ca", "first_name": "Tania", "last_name": "Craig", "email": "thecraigfamily@sympatico.ca", "is_staff": true, "is_active": true, "date_joined": "2017-06-24T15:07:00Z", "groups": [2], "user_permissions": []}}, {"model": "sessions.session", "pk": "w0gnc0yuvu8uxvoufs21hd9gi1rz051g", "fields": {"session_data": "YmU3OGM2MjNmMGZjMWRlOTRjOTc4NmIxMzU4ZmFjZGM1OThlMDZhODp7Il9hdXRoX3VzZXJfaGFzaCI6ImE1NTY1NzlmYjhkOTZkMTAxZDk3YmQ5N2NmNzc3YmRjNTMxN2Y0ODgiLCJfYXV0aF91c2VyX2JhY2tlbmQiOiJkamFuZ28uY29udHJpYi5hdXRoLmJhY2tlbmRzLk1vZGVsQmFja2VuZCIsIl9hdXRoX3VzZXJfaWQiOiIxIn0=", "expire_date": "2017-07-09T22:58:47.831Z"}}, {"model": "app.sitesettings", "pk": 1, "fields": {"site_name": "usla.ca", "site_desc": "Upper Stoney Lake Association", "site_history": "<p>It was many years ago when the Upper Stony (yes, Stony) Lake Association started. Always called the bulletin, their first newsletter was Volume 1, 1955 and \u201cpublished once in a while in the interests of Cottagers and Lodge Owners on Upper Stony Lake.\u201d The first newsletter was three pages.</p>\r\n\r\n<p>With four officers and five directors, it was noted that \u201cIt comprises: The Landing, The North Shore, Northey\u2019s Bay, The Islands, Mouth of the Cree, South Bay, Burnham Lodge, Irwin Inn, Birchmuir Lodge, Whetung\u2019s Pavilion, Knox\u2019s, Boschink Narrows, The Duck Pond and Jack\u2019s Creek.\u201d</p>\r\n\r\n<p>Their bulletin was considered a new venture by the Association to keep members posted on things of interest about the lake. Although printed 62 years ago, the issues they considered serious then included \u201calgae in the water\u201d, \u201c fire protection\u201d, \u201cburglary\u201d, and \u201croad maintenance\u201d. Many of those same issues remain strong in the minds of members today.</p>\r\n\r\n<p>Membership to the association, at that time $1 for each family member over 18 years, was earmarked to be spent on the Regatta and upkeep of the pavilion and the maintenance of the Landing.\r\nOver the years the association has flourished and grown \u2013 grown not only in membership and issues, but also grown in the name, with an \u201ce\u201d being added to Stony. The first sign of the \u201ce\u201d was in the Regatta Notice of 1960. It appeared once again in 1965, but it was in 1972 that it became a constant.</p>\r\n\r\n<p>Throughout the years there have been changes in the association, ranging from activities put on, to different events in the Regatta \u2013 there are no longer boat races with a maximum 6HP motor powering your boat!</p>\r\n\r\n<p>In the early 1900s a trip to the cottage from as close as 14 miles away was a day-long event. Today even flying from Europe, you will get to the cottage just as quickly. Membership invoices are now emailed and payments sent by Internet transfers. Websites and Facebook bring news to people within mere minutes. There have been many bulletins produced over the years, although now on a somewhat more consistent basis. The membership has fluctuated and prices have increased. People now live at their \u201ccottages\u201d 12 months of the year; some even fly in for the weekend.</p>\r\n\r\n<p>There is, however, one constant that has been evident throughout these many years. That is the dedication of members and volunteers to the lake. The environment has always been a concern, as has the water quality. Today\u2019s cottagers, residents, members and volunteers are dedicated to helping preserve forever what brought people to our lake in the first place. The beautiful views; the comradery of friends and neighbours; the life-long bonds created; the sight of rolling waves and the sounds of nature are just part of what makes Stoney Lake so special.</p>\r\n\r\n<h5><i>Shelagh Landsmann / June 2017</i></h5>", "site_history_lbl": "History of USLA", "contact": "info@usla.ca", "facebook_link": "https://www.facebook.com/UpperStoneyLakeAssociation", "logo_header_image": "images/site/usla_regata_logo-header.png", "logo_btm_image": "images/site/usla_logo_red_yellow_212_105_kkSlC8R.png"}}, {"model": "app.boardpositions", "pk": "Director - Environment", "fields": {"order": 8}}, {"model": "app.boardpositions", "pk": "Director - Fundraising", "fields": {"order": 6}}, {"model": "app.boardpositions", "pk": "Director - Membership", "fields": {"order": 3}}, {"model": "app.boardpositions", "pk": "Director - Pavilion", "fields": {"order": 7}}, {"model": "app.boardpositions", "pk": "Director - Regatta", "fields": {"order": 5}}, {"model": "app.boardpositions", "pk": "Director - Swim / Youth", "fields": {"order": 4}}, {"model": "app.boardpositions", "pk": "President", "fields": {"order": 0}}, {"model": "app.boardpositions", "pk": "Proposed Director", "fields": {"order": 9}}, {"model": "app.boardpositions", "pk": "Secretary - Treasurer", "fields": {"order": 2}}, {"model": "app.boardpositions", "pk": "Treasurer", "fields": {"order": 1}}, {"model": "app.committeechairpositions", "pk": "Craft Sale", "fields": {"order": 0}}, {"model": "app.committeechairpositions", "pk": "Rocks / Shoals", "fields": {"order": 1}}, {"model": "app.committeechairpositions", "pk": "Summer Programs", "fields": {"order": 3}}, {"model": "app.committeechairpositions", "pk": "Yacht Club", "fields": {"order": 4}}, {"model": "app.frontpagelinks", "pk": "https://foca.on.ca/", "fields": {"link_text": "foca.on.ca"}}, {"model": "app.frontpagelinks", "pk": "http://www.aslcmembers.ca/Default.asp?id=home&l=1", "fields": {"link_text": "www.aslcmembers.ca"}}, {"model": "app.frontpagelinks", "pk": "http://www.dourodummer.on.ca/", "fields": {"link_text": "www.dourodummer.on.ca"}}, {"model": "app.frontpagelinks", "pk": "http://www.prhc.on.ca/", "fields": {"link_text": "www.prhc.on.ca"}}, {"model": "app.newsitem", "pk": 1, "fields": {"title": "Dock Found!", "description": "Check out the picture attached to see if this dock belongs to you.", "publish_date": "2017-06-22", "author": null, "pdf_file": "", "image": "images/newsitems/dock_found_-_rick_barnard_1.jpg"}}, {"model": "app.newsitem", "pk": 2, "fields": {"title": "New Stoney Lakers", "description": "", "publish_date": "2017-06-20", "author": null, "pdf_file": "files/newsitems/page9-births.pdf", "image": ""}}, {"model": "app.newsitem", "pk": 3, "fields": {"title": "new dates", "description": "contact me", "publish_date": "2017-06-22", "author": 7, "pdf_file": "", "image": ""}}, {"model": "app.sitememberprofile", "pk": 1, "fields": {"user": 6, "board_member": "President", "committee_member": null, "email_forward": "president@usla.ca", "tel_num": "705-877-9293", "cel_num": "647-965-9032", "image": "images/members/president.png"}}, {"model": "app.sitememberprofile", "pk": 3, "fields": {"user": 8, "board_member": "Secretary - Treasurer", "committee_member": null, "email_forward": "owensbrittany@hotmail.com", "tel_num": "", "cel_num": "647-537-1819", "image": "images/members/secretary.png"}}, {"model": "app.sitememberprofile", "pk": 4, "fields": {"user": 9, "board_member": "Director - Membership", "committee_member": null, "email_forward": "membership@usla.ca", "tel_num": "705-877-2884", "cel_num": "705-741-6800", "image": "images/members/director_membership.png"}}, {"model": "app.sitememberprofile", "pk": 5, "fields": {"user": 10, "board_member": "Director - Swim / Youth", "committee_member": null, "email_forward": "swim@usla.ca", "tel_num": "647-808-6062", "cel_num": "", "image": "images/members/director_swim_youth.png"}}, {"model": "app.sitememberprofile", "pk": 6, "fields": {"user": 11, "board_member": "Director - Regatta", "committee_member": null, "email_forward": "regatta@usla.ca", "tel_num": "", "cel_num": "416-410-8716", "image": "images/members/director_regatta.png"}}, {"model": "app.sitememberprofile", "pk": 7, "fields": {"user": 12, "board_member": "Director - Fundraising", "committee_member": null, "email_forward": "fundraising@usla.ca", "tel_num": "705-877-2950", "cel_num": "416-705-8086", "image": "images/members/director_fundraising.png"}}, {"model": "app.sitememberprofile", "pk": 8, "fields": {"user": 13, "board_member": "Director - Pavilion", "committee_member": null, "email_forward": "pavilion@usla.ca", "tel_num": "705-877-8878", "cel_num": "", "image": "images/members/director_pavilion.png"}}, {"model": "app.sitememberprofile", "pk": 9, "fields": {"user": 14, "board_member": "Director - Environment", "committee_member": null, "email_forward": "environment@usla.ca", "tel_num": "705-877-8201", "cel_num": "705-875-1844", "image": "images/members/director_environment.png"}}, {"model": "app.sitememberprofile", "pk": 10, "fields": {"user": 15, "board_member": "Proposed Director", "committee_member": "Craft Sale", "email_forward": "", "tel_num": "416-605-0246", "cel_num": "705-772-8136", "image": "images/members/proposed_director.png"}}, {"model": "app.sitememberprofile", "pk": 11, "fields": {"user": 16, "board_member": "Proposed Director", "committee_member": null, "email_forward": "", "tel_num": "416-886-6475", "cel_num": "", "image": "images/members/proposed_director2.png"}}, {"model": "app.sitememberprofile", "pk": 12, "fields": {"user": 17, "board_member": null, "committee_member": "Rocks / Shoals", "email_forward": "rockshoals@usla.ca", "tel_num": "705-877-3657", "cel_num": "", "image": "images/members/cc_rocks_shoals.png"}}, {"model": "app.sitememberprofile", "pk": 13, "fields": {"user": 18, "board_member": null, "committee_member": "Rocks / Shoals", "email_forward": "rockshoals@usla.ca", "tel_num": "416-482-3211", "cel_num": "647-453-7538", "image": "images/members/cc_rocks_shoals2.png"}}, {"model": "app.sitememberprofile", "pk": 14, "fields": {"user": 19, "board_member": null, "committee_member": "Summer Programs", "email_forward": "summerprograms@usla.ca", "tel_num": "705-877-2872", "cel_num": "", "image": "images/members/cc_summer_programs.png"}}, {"model": "app.sitememberprofile", "pk": 15, "fields": {"user": 20, "board_member": null, "committee_member": "Yacht Club", "email_forward": "yachtclub@usla.ca", "tel_num": "705-877-1314", "cel_num": "", "image": "images/members/cc_yacht_club.png"}}, {"model": "app.sitememberprofile", "pk": 16, "fields": {"user": 21, "board_member": null, "committee_member": "Yacht Club", "email_forward": "yachtclub@usla.ca", "tel_num": "705-877-1314", "cel_num": "905-439-8775", "image": "images/members/cc_yacht_club2.png"}}, {"model": "app.page", "pk": "Contact", "fields": {"slug": "contact", "fa_icon": "fa-envelope", "sub_description": "Contact description", "image": "images/pages/contact/usla_contact_sml.png", "description": "Page Description", "page_order": 5}}, {"model": "app.page", "pk": "Events", "fields": {"slug": "events", "fa_icon": "fa-calendar", "sub_description": "USLA Upcoming Events", "image": "images/pages/events/usla_events_sml.png", "description": "Remember Blah Blah", "page_order": 1}}, {"model": "app.page", "pk": "Home", "fields": {"slug": "home", "fa_icon": "fa-home", "sub_description": "Home Page", "image": "images/pages/home/Cover_picture.jpg", "description": "<h2>Presidents Message</h2>\r\n<p>As we await another summer on the lake, the board has been working over the winter to not only update our mandate but to invigorate many of the programs on the lake. The feedback from the membership on our expanded mandate was positive, and we will be moving forward this spring with establishing a committee of those who volunteered to ensure that we are more involved in monitoring and participating in projects/policies that will affect the lake.</p>\r\n<p>This year in addition to our regular children and youth activities (swimming, regatta, dances, land sports and movie nights), Camp Kawartha will be running a free two-day camp on August 21, and 22 for 5 to 12-year old\u2019s with activities focused on environmental education in action. Their hope is to provide a week-long camp in 2018 similar to the camp currently running at Juniper. Information about registration is contained in this Bulletin. </p>\r\n\r\n<p>Peter Raymont has once again donated his film, \u201cYukon Wild\u201d to be previewed at the Pavilion. We would like to thank Peter for his time and generosity every year. Check this year\u2019s summer schedule for other social and information events at the Pavilion. \r\nWe are working to have a new website up and running for the summer in the hope that we can move away from paper communication in the near future. </p>\r\n<p>This year is Canada\u2019s 150th birthday, and we will be celebrating on the July 1st weekend with a family dance on July 1 and fireworks on Sunday, July 2nd. Our AGM will be in the 1st with the Craft Sale following on the 2nd. </p>\r\n<p>Finally, as this is my last President\u2019s message, I am more keenly aware of our responsibility as a board to involve the next generation of cottagers to ensure the USLA continues to be an engaging and energetic organization. We will be reaching out to all around the lake who are current, past or future members highlighting the benefits of membership and the importance of the continued involvement of a variety of ages and interests in the running of the association. We welcome any and all assistance and/or ideas about how we can continue to maintain the association as an important part of the Stoney Lake experience.</p>\r\n<p>Have a safe and happy summer on the lake.</p>\r\n<h5><i>Elizabeth Hyde</i></h5>", "page_order": 0}}, {"model": "app.page", "pk": "Membership", "fields": {"slug": "membership", "fa_icon": "fa-group", "sub_description": "The Title Description", "image": "images/pages/membership/usla_membership_sml.png", "description": "<p>Membership Page</p>", "page_order": 3}}, {"model": "app.page", "pk": "News", "fields": {"slug": "news", "fa_icon": "fa-newspaper-o", "sub_description": "News & Announcements from the USLA Community", "image": "images/pages/news/usla_contact.png", "description": "News & Announcements from the USLA Community", "page_order": 4}}, {"model": "app.page", "pk": "Programs", "fields": {"slug": "programs", "fa_icon": "fa-pencil-square", "sub_description": "2017 -  USLA Programs", "image": "images/pages/programs/usla_programs.png", "description": "We have lots of exciting....", "page_order": 2}}, {"model": "app.program", "pk": 0, "fields": {"name": "Golf", "description": "", "image": "", "pdf_file": "", "fa_icon": "fa-flag", "start_date": "2017-07-03", "end_date": "2017-08-28", "sub_description": "", "contact_name": "", "contact_email": "", "contact_tel": "", "author": null}}, {"model": "app.program", "pk": 1, "fields": {"name": "Swimming", "description": "We are excited that some of our Instructors and many of our volunteers are returning this summer!  Our programming will be much the same as last year but without Olympics Day. The Irwin family have graciously allowed us to continue the Beach swim component on their property. Finally we have a fantastic FREE program hosted by Camp Kawartha in August (see ad Page ?? for details) and hope you will pre-register your kids/grandkids to be sure they get a spot!", "image": "", "pdf_file": "files/programs/pdf/swim_registration_form_2QFwGMF.pdf", "fa_icon": "fa-tint", "start_date": "2017-07-03", "end_date": "2017-08-11", "sub_description": "* Crafts and games - $10 per class or $20 for the week (3 classes).  Discounted if you prepay for 2 weeks of crafts to $35.", "contact_name": "Cathy Miller", "contact_email": "", "contact_tel": "", "author": null}}, {"model": "app.program", "pk": 2, "fields": {"name": "Sailing", "description": "", "image": "", "pdf_file": "", "fa_icon": "fa-life-saver", "start_date": "2017-06-04", "end_date": "2017-06-04", "sub_description": "", "contact_name": "", "contact_email": "", "contact_tel": "", "author": null}}, {"model": "app.program", "pk": 3, "fields": {"name": "Yoga", "description": "", "image": "", "pdf_file": "", "fa_icon": "fa-child", "start_date": "2017-07-04", "end_date": "2017-08-31", "sub_description": "", "contact_name": "", "contact_email": "", "contact_tel": "", "author": null}}, {"model": "app.program", "pk": 4, "fields": {"name": "Aerobics", "description": "", "image": "", "pdf_file": "", "fa_icon": "fa-heart", "start_date": "2017-07-03", "end_date": "2017-09-06", "sub_description": "", "contact_name": "", "contact_email": "", "contact_tel": "", "author": null}}, {"model": "app.program", "pk": 5, "fields": {"name": "Landsports", "description": "", "image": "", "pdf_file": "", "fa_icon": "fa-bicycle", "start_date": "2017-07-06", "end_date": "2017-08-10", "sub_description": "", "contact_name": "", "contact_email": "", "contact_tel": "", "author": null}}, {"model": "app.program", "pk": 6, "fields": {"name": "Crafts", "description": "", "image": "", "pdf_file": "", "fa_icon": "fa-cut", "start_date": "2017-07-03", "end_date": "2017-08-11", "sub_description": "", "contact_name": "", "contact_email": "", "contact_tel": "", "author": null}}, {"model": "app.programschedule", "pk": "Aerobics", "fields": {"program": 4, "total_available_spaces": 0, "total_reserved_spaces": 0, "start_time": "10:00:00", "end_time": "11:00:00", "monday": true, "tuesday": false, "wednesday": true, "thursday": false, "friday": true, "saturday": false, "sunday": false, "location": "LA", "note": "", "author": null}}, {"model": "app.programschedule", "pk": "Arts & Crafts", "fields": {"program": 6, "total_available_spaces": 0, "total_reserved_spaces": 0, "start_time": "09:00:00", "end_time": "10:00:00", "monday": true, "tuesday": false, "wednesday": true, "thursday": false, "friday": true, "saturday": false, "sunday": false, "location": "LA", "note": "", "author": null}}, {"model": "app.programschedule", "pk": "Beach Swim", "fields": {"program": 1, "total_available_spaces": 0, "total_reserved_spaces": 0, "start_time": "10:15:00", "end_time": "10:45:00", "monday": true, "tuesday": true, "wednesday": true, "thursday": true, "friday": true, "saturday": false, "sunday": false, "location": "LB", "note": "", "author": null}}, {"model": "app.programschedule", "pk": "Crafts / Games", "fields": {"program": 1, "total_available_spaces": 0, "total_reserved_spaces": 0, "start_time": "09:00:00", "end_time": "10:00:00", "monday": true, "tuesday": false, "wednesday": true, "thursday": false, "friday": true, "saturday": false, "sunday": false, "location": "LA", "note": "Crafts and games - $10 per class or $20 for the week (3 classes).  Discounted if you prepay for 2 weeks of crafts to $35.", "author": null}}, {"model": "app.programschedule", "pk": "Landsports", "fields": {"program": 5, "total_available_spaces": 0, "total_reserved_spaces": 0, "start_time": "16:30:00", "end_time": "18:00:00", "monday": false, "tuesday": false, "wednesday": false, "thursday": true, "friday": false, "saturday": false, "sunday": false, "location": "LA", "note": "", "author": null}}, {"model": "app.programschedule", "pk": "Levels 4-7", "fields": {"program": 1, "total_available_spaces": 0, "total_reserved_spaces": 0, "start_time": "11:00:00", "end_time": "11:45:00", "monday": true, "tuesday": true, "wednesday": true, "thursday": true, "friday": true, "saturday": false, "sunday": false, "location": "LC", "note": "", "author": null}}, {"model": "app.programschedule", "pk": "Levels 8 & Up", "fields": {"program": 1, "total_available_spaces": 0, "total_reserved_spaces": 0, "start_time": "12:00:00", "end_time": "13:00:00", "monday": true, "tuesday": true, "wednesday": true, "thursday": true, "friday": true, "saturday": false, "sunday": false, "location": "LC", "note": "", "author": null}}, {"model": "app.programschedule", "pk": "Monday Golf", "fields": {"program": 0, "total_available_spaces": 0, "total_reserved_spaces": 0, "start_time": "12:00:00", "end_time": "16:00:00", "monday": true, "tuesday": false, "wednesday": false, "thursday": false, "friday": false, "saturday": false, "sunday": false, "location": "LD", "note": "", "author": null}}, {"model": "app.programschedule", "pk": "Sailing Races", "fields": {"program": 2, "total_available_spaces": 0, "total_reserved_spaces": 0, "start_time": "14:00:00", "end_time": "16:00:00", "monday": false, "tuesday": false, "wednesday": false, "thursday": false, "friday": false, "saturday": true, "sunday": false, "location": "LC", "note": "", "author": null}}, {"model": "app.programschedule", "pk": "Yoga", "fields": {"program": 3, "total_available_spaces": 0, "total_reserved_spaces": 0, "start_time": "09:00:00", "end_time": "10:00:00", "monday": false, "tuesday": true, "wednesday": false, "thursday": true, "friday": false, "saturday": false, "sunday": false, "location": "LA", "note": "", "author": null}}, {"model": "app.event", "pk": 1, "fields": {"name": "CPR & Defibrillator Training", "start_date": "2017-07-08", "end_date": "2017-07-08", "start_time": "10:00:00", "end_time": "12:00:00", "location": "LA", "unique_location": "", "cost": 40, "cost_has_hst": true, "is_annual_event": false, "image": "", "pdf_file": "", "description": "Space is Limited!  A minimum class size of 10 is required for each course;  Prepayment required, non-refundable.\r\n\r\nRegister @ the USLA AGM or via Cathy @ 647-808-6062", "contact_email": "jenchrreb@yahoo.com", "author": null}}, {"model": "app.event", "pk": 5, "fields": {"name": "30th Annual Craft Sale", "start_date": "2017-07-02", "end_date": "2017-07-02", "start_time": "10:00:00", "end_time": "16:00:00", "location": "LA", "unique_location": "Crowes Landing", "cost": 0, "cost_has_hst": true, "is_annual_event": false, "image": "", "pdf_file": "", "description": "This is the Kawartha's largest Art and Craft Show. This year over 80 vendors will present to you everything imaginable in either Fine Art, or Unique Craft Works. We will have live Jazz musicians to entertain you, Coffee and Sweets available from Kyoto Coffee, Hamburgers, Hot Dogs on the grill to purchase along with soft drinks. Parking is FREE, Entrance is FREE, and the Fun is also FREE.\r\nCome out and join us, support the local community.", "contact_email": "", "author": null}}, {"model": "app.event", "pk": 6, "fields": {"name": "111th Regatta", "start_date": "2017-08-05", "end_date": "2017-08-05", "start_time": "09:30:00", "end_time": "16:30:00", "location": "LC", "unique_location": "", "cost": 5, "cost_has_hst": false, "is_annual_event": false, "image": "", "pdf_file": "", "description": "Registration for the Regatta is on site, starting at 9am\r\n\r\n$5.00 for Junior, 14 and under, and $10.00 for Adults.", "contact_email": "", "author": null}}, {"model": "app.event", "pk": 7, "fields": {"name": "Family Dance", "start_date": "2017-08-05", "end_date": "2017-08-05", "start_time": "19:00:00", "end_time": "20:00:00", "location": "", "unique_location": "", "cost": 0, "cost_has_hst": true, "is_annual_event": false, "image": "", "pdf_file": "", "description": "", "contact_email": "", "author": null}}, {"model": "app.event", "pk": 8, "fields": {"name": "26th Annual Paddle", "start_date": "2017-07-16", "end_date": "2017-07-16", "start_time": "09:00:00", "end_time": "10:00:00", "location": "LC", "unique_location": "", "cost": 0, "cost_has_hst": true, "is_annual_event": false, "image": "", "pdf_file": "", "description": "", "contact_email": "", "author": null}}, {"model": "app.event", "pk": 9, "fields": {"name": "AGM", "start_date": "2017-07-01", "end_date": "2017-07-01", "start_time": "09:30:00", "end_time": "11:00:00", "location": "LA", "unique_location": "", "cost": 0, "cost_has_hst": true, "is_annual_event": false, "image": "", "pdf_file": "", "description": "", "contact_email": "", "author": null}}, {"model": "app.event", "pk": 10, "fields": {"name": "Canada Day BBQ", "start_date": "2017-07-01", "end_date": "2017-07-01", "start_time": "12:00:00", "end_time": "15:00:00", "location": "", "unique_location": "", "cost": 0, "cost_has_hst": true, "is_annual_event": false, "image": "", "pdf_file": "", "description": "", "contact_email": "", "author": null}}, {"model": "app.event", "pk": 11, "fields": {"name": "Canada Day Family Dance", "start_date": "2017-07-01", "end_date": "2017-07-01", "start_time": "20:00:00", "end_time": "22:00:00", "location": "", "unique_location": "", "cost": 0, "cost_has_hst": true, "is_annual_event": false, "image": "", "pdf_file": "", "description": "", "contact_email": "", "author": null}}, {"model": "app.event", "pk": 12, "fields": {"name": "USLA Fireworks", "start_date": "2017-07-02", "end_date": "2017-07-02", "start_time": "21:30:00", "end_time": "22:00:00", "location": "", "unique_location": "Upper Stoney Lake", "cost": 0, "cost_has_hst": true, "is_annual_event": false, "image": "", "pdf_file": "", "description": "Join us for a very Special Night on the water, our 150th Canadian Anniversary, with a spectacular and imaginative display of Fireworks, put on by your neighbors, and funded by donations from families, and  sponsors. This year the show will be larger and unbelievable, starting at Dusk, with members, family and friends, and boaters from all parts of our Lake joining the hundred's of boats to watch.", "contact_email": "", "author": null}}, {"model": "app.event", "pk": 13, "fields": {"name": "2017 Comedy Night", "start_date": "2017-07-15", "end_date": "2017-07-16", "start_time": "20:00:00", "end_time": "01:00:00", "location": "LA", "unique_location": "", "cost": 0, "cost_has_hst": true, "is_annual_event": false, "image": "", "pdf_file": "", "description": "Eddie will provide more details", "contact_email": "", "author": null}}, {"model": "app.event", "pk": 14, "fields": {"name": "23rd Annual Kids Fishing Derby", "start_date": "2017-07-09", "end_date": "2017-07-09", "start_time": "08:00:00", "end_time": "11:00:00", "location": "", "unique_location": "Upper Stoney Lake", "cost": 0, "cost_has_hst": true, "is_annual_event": false, "image": "images/events/fishing_derby.jpg", "pdf_file": "", "description": "To coincide with Family Fishing Week, \"Kids\" bring your catch to Crowe's Landing for the weigh-in at 11am. There will be lots of prizes for many different categories", "contact_email": "", "author": null}}, {"model": "app.event", "pk": 15, "fields": {"name": "Swing Dance", "start_date": "2017-08-12", "end_date": "2017-08-12", "start_time": "20:00:00", "end_time": "23:00:00", "location": "LA", "unique_location": "", "cost": 10, "cost_has_hst": false, "is_annual_event": false, "image": "images/events/Swing_Jazz_Musicians.jpg", "pdf_file": "", "description": "Join us for a great Evening of Swing Jazz, and Dancing", "contact_email": "", "author": null}}, {"model": "app.event", "pk": 16, "fields": {"name": "Movie Night Premier Screening", "start_date": "2017-07-22", "end_date": "2017-07-22", "start_time": "19:30:00", "end_time": "22:00:00", "location": "LA", "unique_location": "", "cost": 15, "cost_has_hst": false, "is_annual_event": false, "image": "", "pdf_file": "", "description": "USLA presents the STONEY LAKE premiere of ARCTIC SECRETES Yukon Wild at the Pavilion. Screening followed with a Q&A with producer and Stoney Lake cottager Peter Raymont. \r\nCash Bar\r\nTickets available at Stoney Lake Market, Woodview General Store, or at the door", "contact_email": "", "author": null}}, {"model": "app.eventgallery", "pk": 5, "fields": {"description": "", "slug": "30th-annual-craft-sale", "author": null}}, {"model": "app.eventgalleryimages", "pk": 1, "fields": {"description": "", "date": null, "image": "images/gallery/30th-annual-craft-sale/1/IMG_1964.jpg", "image_thumb": "images/gallery/30th-annual-craft-sale/1/thumb_IMG_1964.jpg", "author": null, "gallery": 5}}, {"model": "app.eventgalleryimages", "pk": 2, "fields": {"description": "", "date": null, "image": "images/gallery/30th-annual-craft-sale/2/IMG_1965.jpg", "image_thumb": "images/gallery/30th-annual-craft-sale/2/thumb_IMG_1965.jpg", "author": null, "gallery": 5}}, {"model": "app.eventgalleryimages", "pk": 3, "fields": {"description": "", "date": null, "image": "images/gallery/30th-annual-craft-sale/3/IMG_1966.jpg", "image_thumb": "images/gallery/30th-annual-craft-sale/3/thumb_IMG_1966.jpg", "author": null, "gallery": 5}}, {"model": "app.eventgalleryimages", "pk": 4, "fields": {"description": "", "date": null, "image": "images/gallery/30th-annual-craft-sale/4/IMG_3825.JPG", "image_thumb": "images/gallery/30th-annual-craft-sale/4/thumb_IMG_3825.JPG", "author": null, "gallery": 5}}, {"model": "app.eventgalleryimages", "pk": 5, "fields": {"description": "", "date": null, "image": "images/gallery/30th-annual-craft-sale/5/IMG_3828.JPG", "image_thumb": "images/gallery/30th-annual-craft-sale/5/thumb_IMG_3828.JPG", "author": null, "gallery": 5}}, {"model": "app.eventgalleryimages", "pk": 6, "fields": {"description": "", "date": null, "image": "images/gallery/30th-annual-craft-sale/6/IMG_3840.JPG", "image_thumb": "images/gallery/30th-annual-craft-sale/6/thumb_IMG_3840.JPG", "author": null, "gallery": 5}}, {"model": "app.eventgalleryimages", "pk": 7, "fields": {"description": "", "date": null, "image": "images/gallery/30th-annual-craft-sale/7/IMG_3847.JPG", "image_thumb": "images/gallery/30th-annual-craft-sale/7/thumb_IMG_3847.JPG", "author": null, "gallery": 5}}, {"model": "app.eventgalleryimages", "pk": 8, "fields": {"description": "", "date": null, "image": "images/gallery/30th-annual-craft-sale/8/IMG_3845.JPG", "image_thumb": "images/gallery/30th-annual-craft-sale/8/thumb_IMG_3845.JPG", "author": null, "gallery": 5}}, {"model": "admin.logentry", "pk": 1, "fields": {"action_time": "2017-06-22T15:12:11.929Z", "user": 1, "content_type": 9, "object_id": "1", "object_repr": "usla.ca Settings", "action_flag": 2, "change_message": "[{\"changed\": {\"fields\": [\"site_history\", \"site_history_lbl\", \"logo_header_image\", \"logo_btm_image\"]}}]"}}, {"model": "admin.logentry", "pk": 2, "fields": {"action_time": "2017-06-22T15:12:38.253Z", "user": 1, "content_type": 9, "object_id": "1", "object_repr": "usla.ca Settings", "action_flag": 2, "change_message": "[]"}}, {"model": "admin.logentry", "pk": 11, "fields": {"action_time": "2017-06-22T15:22:47.077Z", "user": 3, "content_type": 4, "object_id": "5", "object_repr": "testUser", "action_flag": 1, "change_message": "[{\"added\": {}}]"}}, {"model": "admin.logentry", "pk": 23, "fields": {"action_time": "2017-06-22T16:08:34.810Z", "user": 3, "content_type": 4, "object_id": "6", "object_repr": "testuser", "action_flag": 1, "change_message": "[{\"added\": {}}]"}}, {"model": "admin.logentry", "pk": 24, "fields": {"action_time": "2017-06-22T16:09:20.534Z", "user": 3, "content_type": 4, "object_id": "7", "object_repr": "cathymiller", "action_flag": 1, "change_message": "[{\"added\": {}}]"}}, {"model": "admin.logentry", "pk": 25, "fields": {"action_time": "2017-06-22T16:12:04.233Z", "user": 3, "content_type": 4, "object_id": "6", "object_repr": "testuser", "action_flag": 2, "change_message": "[]"}}, {"model": "admin.logentry", "pk": 26, "fields": {"action_time": "2017-06-22T16:12:06.412Z", "user": 3, "content_type": 4, "object_id": "7", "object_repr": "cathymiller", "action_flag": 2, "change_message": "[{\"changed\": {\"fields\": [\"is_staff\"]}}]"}}, {"model": "admin.logentry", "pk": 28, "fields": {"action_time": "2017-06-22T16:15:36.278Z", "user": 3, "content_type": 4, "object_id": "7", "object_repr": "cathymiller", "action_flag": 2, "change_message": "[{\"added\": {\"object\": \"cathymiller\", \"name\": \"site member profile\"}}]"}}, {"model": "admin.logentry", "pk": 29, "fields": {"action_time": "2017-06-22T16:19:45.328Z", "user": 7, "content_type": 11, "object_id": "3", "object_repr": "new dates", "action_flag": 1, "change_message": "[{\"added\": {}}]"}}, {"model": "admin.logentry", "pk": 32, "fields": {"action_time": "2017-06-24T15:21:04.992Z", "user": 1, "content_type": 4, "object_id": "2", "object_repr": "glenn", "action_flag": 3, "change_message": ""}}, {"model": "admin.logentry", "pk": 33, "fields": {"action_time": "2017-06-24T15:21:04.998Z", "user": 1, "content_type": 4, "object_id": "4", "object_repr": "glenn_user", "action_flag": 3, "change_message": ""}}, {"model": "admin.logentry", "pk": 34, "fields": {"action_time": "2017-06-24T15:21:21.273Z", "user": 1, "content_type": 4, "object_id": "5", "object_repr": "testUser", "action_flag": 3, "change_message": ""}}, {"model": "admin.logentry", "pk": 35, "fields": {"action_time": "2017-06-24T15:24:17.542Z", "user": 1, "content_type": 4, "object_id": "16", "object_repr": "bigjuli@rogers.com", "action_flag": 2, "change_message": "[{\"added\": {\"object\": \"bigjuli@rogers.com\", \"name\": \"site member profile\"}}]"}}, {"model": "admin.logentry", "pk": 36, "fields": {"action_time": "2017-06-24T16:35:49.846Z", "user": 1, "content_type": 4, "object_id": "16", "object_repr": "bigjuli@rogers.com", "action_flag": 2, "change_message": "[]"}}, {"model": "admin.logentry", "pk": 37, "fields": {"action_time": "2017-06-24T16:36:58.278Z", "user": 1, "content_type": 4, "object_id": "8", "object_repr": "owensbrittany@hotmail.com", "action_flag": 2, "change_message": "[{\"changed\": {\"fields\": [\"first_name\", \"last_name\", \"email\"]}}]"}}, {"model": "admin.logentry", "pk": 38, "fields": {"action_time": "2017-06-24T16:37:49.595Z", "user": 1, "content_type": 4, "object_id": "10", "object_repr": "jenchrreb@yahoo.com", "action_flag": 2, "change_message": "[{\"changed\": {\"fields\": [\"first_name\", \"last_name\", \"email\"]}}]"}}]