[{"model": "contenttypes.contenttype", "pk": 1, "fields": {"app_label": "admin", "model": "logentry"}}, {"model": "contenttypes.contenttype", "pk": 2, "fields": {"app_label": "auth", "model": "group"}}, {"model": "contenttypes.contenttype", "pk": 3, "fields": {"app_label": "auth", "model": "permission"}}, {"model": "contenttypes.contenttype", "pk": 4, "fields": {"app_label": "auth", "model": "user"}}, {"model": "contenttypes.contenttype", "pk": 5, "fields": {"app_label": "contenttypes", "model": "contenttype"}}, {"model": "contenttypes.contenttype", "pk": 6, "fields": {"app_label": "sessions", "model": "session"}}, {"model": "contenttypes.contenttype", "pk": 7, "fields": {"app_label": "app", "model": "sitesettings"}}, {"model": "contenttypes.contenttype", "pk": 8, "fields": {"app_label": "app", "model": "boardpositions"}}, {"model": "contenttypes.contenttype", "pk": 9, "fields": {"app_label": "app", "model": "committeechairpositions"}}, {"model": "contenttypes.contenttype", "pk": 10, "fields": {"app_label": "app", "model": "committeemember"}}, {"model": "contenttypes.contenttype", "pk": 11, "fields": {"app_label": "app", "model": "boardmember"}}, {"model": "contenttypes.contenttype", "pk": 12, "fields": {"app_label": "app", "model": "member"}}, {"model": "contenttypes.contenttype", "pk": 13, "fields": {"app_label": "app", "model": "page"}}, {"model": "contenttypes.contenttype", "pk": 14, "fields": {"app_label": "app", "model": "uslalocations"}}, {"model": "contenttypes.contenttype", "pk": 15, "fields": {"app_label": "app", "model": "program"}}, {"model": "contenttypes.contenttype", "pk": 16, "fields": {"app_label": "app", "model": "programschedule"}}, {"model": "contenttypes.contenttype", "pk": 17, "fields": {"app_label": "app", "model": "programevent"}}, {"model": "contenttypes.contenttype", "pk": 18, "fields": {"app_label": "app", "model": "event"}}, {"model": "sessions.session", "pk": "321val41jdl8q38c27hcuuprbcfzbs6o", "fields": {"session_data": "NDZiZWJkYzA2MmI1OWFiNDdjMWZhMDljYTVhYjk0YzAzMjkyOGMwYTp7Il9hdXRoX3VzZXJfaGFzaCI6IjhjMmEzNjQ0MDcwYzg2ZmUxZmNiODIzZDQyMTIxODFmNmExNjEyODMiLCJfYXV0aF91c2VyX2JhY2tlbmQiOiJkamFuZ28uY29udHJpYi5hdXRoLmJhY2tlbmRzLk1vZGVsQmFja2VuZCIsIl9hdXRoX3VzZXJfaWQiOiIxIn0=", "expire_date": "2017-06-21T21:10:46.232Z"}}, {"model": "sessions.session", "pk": "go4aurxa34g5xe0u9hw9i2a1vt7nvjn2", "fields": {"session_data": "NDZiZWJkYzA2MmI1OWFiNDdjMWZhMDljYTVhYjk0YzAzMjkyOGMwYTp7Il9hdXRoX3VzZXJfaGFzaCI6IjhjMmEzNjQ0MDcwYzg2ZmUxZmNiODIzZDQyMTIxODFmNmExNjEyODMiLCJfYXV0aF91c2VyX2JhY2tlbmQiOiJkamFuZ28uY29udHJpYi5hdXRoLmJhY2tlbmRzLk1vZGVsQmFja2VuZCIsIl9hdXRoX3VzZXJfaWQiOiIxIn0=", "expire_date": "2017-06-22T05:27:16.197Z"}}, {"model": "sessions.session", "pk": "w6hhangmifnz8blnhxyf4gtg5onmu16r", "fields": {"session_data": "NDZiZWJkYzA2MmI1OWFiNDdjMWZhMDljYTVhYjk0YzAzMjkyOGMwYTp7Il9hdXRoX3VzZXJfaGFzaCI6IjhjMmEzNjQ0MDcwYzg2ZmUxZmNiODIzZDQyMTIxODFmNmExNjEyODMiLCJfYXV0aF91c2VyX2JhY2tlbmQiOiJkamFuZ28uY29udHJpYi5hdXRoLmJhY2tlbmRzLk1vZGVsQmFja2VuZCIsIl9hdXRoX3VzZXJfaWQiOiIxIn0=", "expire_date": "2017-06-23T14:43:16.338Z"}}, {"model": "sessions.session", "pk": "xwglbwr39zqs9ea9u1hwt4y20y8lbhd8", "fields": {"session_data": "NDZiZWJkYzA2MmI1OWFiNDdjMWZhMDljYTVhYjk0YzAzMjkyOGMwYTp7Il9hdXRoX3VzZXJfaGFzaCI6IjhjMmEzNjQ0MDcwYzg2ZmUxZmNiODIzZDQyMTIxODFmNmExNjEyODMiLCJfYXV0aF91c2VyX2JhY2tlbmQiOiJkamFuZ28uY29udHJpYi5hdXRoLmJhY2tlbmRzLk1vZGVsQmFja2VuZCIsIl9hdXRoX3VzZXJfaWQiOiIxIn0=", "expire_date": "2017-06-24T16:55:35.841Z"}}, {"model": "app.sitesettings", "pk": 1, "fields": {"site_name": "usla.ca", "site_desc": "Upper Stoney Lake Association", "contact": "info@usla.ca", "facebook_link": "https://www.facebook.com/UpperStoneyLakeAssociation", "logo_header_image": "images/site/usla_regata_logo_212_160.png", "logo_btm_image": "images/site/usla_logo_red_yellow_212_105.png"}}, {"model": "app.boardpositions", "pk": "Director - Environment", "fields": {"order": 8}}, {"model": "app.boardpositions", "pk": "Director - Fundraising", "fields": {"order": 6}}, {"model": "app.boardpositions", "pk": "Director - Membership", "fields": {"order": 3}}, {"model": "app.boardpositions", "pk": "Director - Pavilion", "fields": {"order": 7}}, {"model": "app.boardpositions", "pk": "Director - Regatta", "fields": {"order": 5}}, {"model": "app.boardpositions", "pk": "Director - Swim / Youth", "fields": {"order": 4}}, {"model": "app.boardpositions", "pk": "President", "fields": {"order": 0}}, {"model": "app.boardpositions", "pk": "Proposed Director", "fields": {"order": 9}}, {"model": "app.boardpositions", "pk": "Secretary - Treasurer", "fields": {"order": 2}}, {"model": "app.boardpositions", "pk": "Treasurer", "fields": {"order": 1}}, {"model": "app.committeechairpositions", "pk": "Craft Sale", "fields": {"order": 0}}, {"model": "app.committeechairpositions", "pk": "Rocks / Shoals", "fields": {"order": 1}}, {"model": "app.committeechairpositions", "pk": "Summer Programs", "fields": {"order": 3}}, {"model": "app.committeechairpositions", "pk": "Yacht Club", "fields": {"order": 4}}, {"model": "app.committeemember", "pk": 1, "fields": {"order": 1, "name": "Glenn Hunter", "email": "stoneylakeartcraftshow@bell.net", "tel_num": "416-605-0246", "cel_num": "705-772-8136", "title": "Craft Sale", "image": "images/members/board/cc_craft_sale.png"}}, {"model": "app.committeemember", "pk": 2, "fields": {"order": 2, "name": "Michael Nolan", "email": "", "tel_num": "705-877-3657", "cel_num": "", "title": "Rocks / Shoals", "image": "images/members/board/cc_rocks_shoals.png"}}, {"model": "app.committeemember", "pk": 3, "fields": {"order": 3, "name": "Michael Boughner", "email": "michaelboughner@rogers.com", "tel_num": "416-482-3211", "cel_num": "647-453-7538", "title": "Rocks / Shoals", "image": "images/members/board/cc_rocks_shoals2.png"}}, {"model": "app.committeemember", "pk": 4, "fields": {"order": 4, "name": "Len Minty", "email": "lgminty@gmail.com", "tel_num": "705-877-2872", "cel_num": "", "title": "Summer Programs", "image": "images/members/board/cc_summer_programs.png"}}, {"model": "app.committeemember", "pk": 5, "fields": {"order": 100, "name": "Jane Greenwood", "email": "g.j.greenwood@xplornet.ca", "tel_num": "", "cel_num": "705-877-1314", "title": "Yacht Club", "image": "images/members/board/cc_yacht_club.png"}}, {"model": "app.committeemember", "pk": 6, "fields": {"order": 100, "name": "Tania Craig", "email": "thecraigfamily@sympatico.ca", "tel_num": "705-877-1314", "cel_num": "905-439-8775", "title": "Yacht Club", "image": "images/members/board/cc_yacht_club2.png"}}, {"model": "app.boardmember", "pk": 19, "fields": {"order": 1, "name": "Elizabeth Hyde", "email": "elizabethhyde@gmail.com", "tel_num": "705-877-9293", "cel_num": "647-965-9032", "title": "President", "image": "images/members/committee/president.png"}}, {"model": "app.boardmember", "pk": 20, "fields": {"order": 2, "name": "Mike Stewart", "email": "mastewart@icloud.com", "tel_num": "705-812-1024", "cel_num": "647-283-7200", "title": "Treasurer", "image": "images/members/committee/treasurer.png"}}, {"model": "app.boardmember", "pk": 21, "fields": {"order": 3, "name": "Brittany Owens", "email": "owensbrittany@hotmail.com", "tel_num": "", "cel_num": "647-537-1819", "title": "Secretary - Treasurer", "image": "images/members/committee/secretary.png"}}, {"model": "app.boardmember", "pk": 22, "fields": {"order": 4, "name": "Shelagh Landsmann", "email": "shelagh@bell.net", "tel_num": "705-877-2884", "cel_num": "705-741-6800", "title": "Director - Membership", "image": "images/members/committee/director_membership.png"}}, {"model": "app.boardmember", "pk": 23, "fields": {"order": 5, "name": "Cathy Miller", "email": "jenchrreb@yahoo.com", "tel_num": "", "cel_num": "647-808-6062", "title": "Director - Swim / Youth", "image": "images/members/committee/director_swim_youth.png"}}, {"model": "app.boardmember", "pk": 24, "fields": {"order": 6, "name": "John Pitblado", "email": "johnpitblado@yahoo.ca", "tel_num": "", "cel_num": "416-410-8716", "title": "Director - Regatta", "image": "images/members/committee/director_regatta.png"}}, {"model": "app.boardmember", "pk": 25, "fields": {"order": 7, "name": "Eddie Beqaj", "email": "edwardbeqaj@gmail.com", "tel_num": "705-877-2950", "cel_num": "416-705-8086", "title": "Director - Fundraising", "image": "images/members/committee/director_fundraising.png"}}, {"model": "app.boardmember", "pk": 26, "fields": {"order": 8, "name": "Jim Rickard", "email": "rickardjg@hotmail.com", "tel_num": "705-877-8878", "cel_num": "", "title": "Director - Pavilion", "image": "images/members/committee/director_pavilion.png"}}, {"model": "app.boardmember", "pk": 27, "fields": {"order": 9, "name": "Jim Patterson", "email": "mediaguy@theduckpond.tv", "tel_num": "705-877-8201", "cel_num": "705-875-1844", "title": "Director - Environment", "image": "images/members/committee/director_environment.png"}}, {"model": "app.boardmember", "pk": 28, "fields": {"order": 10, "name": "Glenn Hunter", "email": "gshunter@sympatico.ca", "tel_num": "", "cel_num": "705-772-8136", "title": "Proposed Director", "image": "images/members/committee/proposed_director.png"}}, {"model": "app.boardmember", "pk": 29, "fields": {"order": 11, "name": "Julian Pope", "email": "bigjuli@rogers.com", "tel_num": "416-886-6475", "cel_num": "", "title": "Proposed Director", "image": "images/members/committee/proposed_director2.png"}}, {"model": "app.page", "pk": "Contact", "fields": {"slug": "contact", "fa_icon": "fa-envelope", "sub_description": "Contact description", "image": "images/pages/contact/usla_contact_sml.png", "description": "Page Description", "page_order": 4}}, {"model": "app.page", "pk": "Events", "fields": {"slug": "events", "fa_icon": "fa-calendar", "sub_description": "USLA Upcoming Events", "image": "images/pages/events/usla_events_sml.png", "description": "Remember Blah Blah", "page_order": 1}}, {"model": "app.page", "pk": "Home", "fields": {"slug": "home", "fa_icon": "fa-home", "sub_description": "Home Page", "image": "images/pages/home/usla_home_sml.png", "description": "<h2>Upper Stoney Lake Association</h2>\r\n<p>It was many years ago when the Upper Stony (yes, Stony) Lake Association started. Always called the bulletin, their first newsletter was Volume 1, 1955 and \u201cpublished once in a while in the interests of Cottagers and Lodge Owners on Upper Stony Lake.\u201d The first newsletter was three pages.</p>\r\n\r\n<p>With four officers and five directors, it was noted that \u201cIt comprises: The Landing, The North Shore, Northey\u2019s Bay, The Islands, Mouth of the Cree, South Bay, Burnham Lodge, Irwin Inn, Birchmuir Lodge, Whetung\u2019s Pavilion, Knox\u2019s, Boschink Narrows, The Duck Pond and Jack\u2019s Creek.\u201d</p>\r\n\r\n<p>Their bulletin was considered a new venture by the Association to keep members posted on things of interest about the lake. Although printed 62 years ago, the issues they considered serious then included \u201calgae in the water\u201d, \u201c fire protection\u201d, \u201cburglary\u201d, and \u201croad maintenance\u201d. Many of those same issues remain strong in the minds of members today.</p>\r\n\r\n<p>Membership to the association, at that time $1 for each family member over 18 years, was earmarked to be spent on the Regatta and upkeep of the pavilion and the maintenance of the Landing.\r\nOver the years the association has flourished and grown \u2013 grown not only in membership and issues, but also grown in the name, with an \u201ce\u201d being added to Stony. The first sign of the \u201ce\u201d was in the Regatta Notice of 1960. It appeared once again in 1965, but it was in 1972 that it became a constant.</p>\r\n\r\n<p>Throughout the years there have been changes in the association, ranging from activities put on, to different events in the Regatta \u2013 there are no longer boat races with a maximum 6HP motor powering your boat!</p>\r\n\r\n<p>In the early 1900s a trip to the cottage from as close as 14 miles away was a day-long event. Today even flying from Europe, you will get to the cottage just as quickly. Membership invoices are now emailed and payments sent by Internet transfers. Websites and Facebook bring news to people within mere minutes. There have been many bulletins produced over the years, although now on a somewhat more consistent basis. The membership has fluctuated and prices have increased. People now live at their \u201ccottages\u201d 12 months of the year; some even fly in for the weekend.</p>\r\n\r\n<p>There is, however, one constant that has been evident throughout these many years. That is the dedication of members and volunteers to the lake. The environment has always been a concern, as has the water quality. Today\u2019s cottagers, residents, members and volunteers are dedicated to helping preserve forever what brought people to our lake in the first place. The beautiful views; the comradery of friends and neighbours; the life-long bonds created; the sight of rolling waves and the sounds of nature are just part of what makes Stoney Lake so special.</p>\r\n\r\n<h5><i>Shelagh Landsmann / June 2017</i></h5>", "page_order": 0}}, {"model": "app.page", "pk": "Membership", "fields": {"slug": "membership", "fa_icon": "fa-group", "sub_description": "The Title Description", "image": "images/pages/membership/usla_membership_sml.png", "description": "<p>Membership Page</p>", "page_order": 3}}, {"model": "app.page", "pk": "Programs", "fields": {"slug": "programs", "fa_icon": "fa-pencil-square", "sub_description": "2017 -  USLA Programs", "image": "images/pages/programs/usla_programs.png", "description": "We have lots of exciting....", "page_order": 2}}, {"model": "app.program", "pk": 0, "fields": {"name": "Golf", "description": "", "image": "", "pdf_file": "", "fa_icon": "fa-flag", "start_date": "2017-07-03", "end_date": "2017-08-28", "start_time": "16:26:58.896", "end_time": "16:26:58.896", "sub_description": "", "contact_name": "", "contact_email": "", "contact_tel": ""}}, {"model": "app.program", "pk": 1, "fields": {"name": "Swimming", "description": "We are excited that some of our Instructors and many of our volunteers are returning this summer!  Our programming will be much the same as last year but without Olympics Day. The Irwin family have graciously allowed us to continue the Beach swim component on their property. Finally we have a fantastic FREE program hosted by Camp Kawartha in August (see ad Page ?? for details) and hope you will pre-register your kids/grandkids to be sure they get a spot!", "image": "", "pdf_file": "files/programs/pdf/swim_registration_form_2QFwGMF.pdf", "fa_icon": "fa-tint", "start_date": "2017-07-03", "end_date": "2017-08-11", "start_time": "23:05:09.515", "end_time": "23:05:09.515", "sub_description": "* Crafts and games - $10 per class or $20 for the week (3 classes).  Discounted if you prepay for 2 weeks of crafts to $35.", "contact_name": "Cathy Miller", "contact_email": "", "contact_tel": ""}}, {"model": "app.program", "pk": 2, "fields": {"name": "Sailing", "description": "", "image": "", "pdf_file": "", "fa_icon": "fa-life-saver", "start_date": "2017-06-04", "end_date": "2017-06-04", "start_time": "23:09:31.774", "end_time": "23:09:31.774", "sub_description": "", "contact_name": "", "contact_email": "", "contact_tel": ""}}, {"model": "app.program", "pk": 3, "fields": {"name": "Yoga", "description": "", "image": "", "pdf_file": "", "fa_icon": "fa-child", "start_date": "2017-07-04", "end_date": "2017-08-31", "start_time": "23:10:41.083", "end_time": "23:10:41.083", "sub_description": "", "contact_name": "", "contact_email": "", "contact_tel": ""}}, {"model": "app.program", "pk": 4, "fields": {"name": "Aerobics", "description": "", "image": "", "pdf_file": "", "fa_icon": "fa-heart", "start_date": "2017-07-03", "end_date": "2017-09-06", "start_time": "23:11:08.786", "end_time": "23:11:08.786", "sub_description": "", "contact_name": "", "contact_email": "", "contact_tel": ""}}, {"model": "app.program", "pk": 5, "fields": {"name": "Landsports", "description": "", "image": "", "pdf_file": "", "fa_icon": "fa-bicycle", "start_date": "2017-07-06", "end_date": "2017-08-10", "start_time": "23:14:59.104", "end_time": "23:14:59.104", "sub_description": "", "contact_name": "", "contact_email": "", "contact_tel": ""}}, {"model": "app.program", "pk": 6, "fields": {"name": "Crafts", "description": "", "image": "", "pdf_file": "", "fa_icon": "fa-cut", "start_date": "2017-07-03", "end_date": "2017-08-11", "start_time": "23:17:42.159", "end_time": "23:17:42.159", "sub_description": "", "contact_name": "", "contact_email": "", "contact_tel": ""}}, {"model": "app.programschedule", "pk": "Aerobics", "fields": {"program": 4, "total_available_spaces": 0, "total_reserved_spaces": 0, "start_time": "10:00:00", "end_time": "11:00:00", "monday": true, "tuesday": false, "wednesday": true, "thursday": false, "friday": true, "saturday": false, "sunday": false, "location": "LA", "note": ""}}, {"model": "app.programschedule", "pk": "Arts & Crafts", "fields": {"program": 6, "total_available_spaces": 0, "total_reserved_spaces": 0, "start_time": "09:00:00", "end_time": "10:00:00", "monday": true, "tuesday": false, "wednesday": true, "thursday": false, "friday": true, "saturday": false, "sunday": false, "location": "LA", "note": ""}}, {"model": "app.programschedule", "pk": "Beach Swim", "fields": {"program": 1, "total_available_spaces": 0, "total_reserved_spaces": 0, "start_time": "10:15:00", "end_time": "10:45:00", "monday": true, "tuesday": true, "wednesday": true, "thursday": true, "friday": true, "saturday": false, "sunday": false, "location": "LB", "note": ""}}, {"model": "app.programschedule", "pk": "Crafts / Games", "fields": {"program": 1, "total_available_spaces": 0, "total_reserved_spaces": 0, "start_time": "09:00:00", "end_time": "10:00:00", "monday": true, "tuesday": false, "wednesday": true, "thursday": false, "friday": true, "saturday": false, "sunday": false, "location": "LA", "note": "Crafts and games - $10 per class or $20 for the week (3 classes).  Discounted if you prepay for 2 weeks of crafts to $35."}}, {"model": "app.programschedule", "pk": "Landsports", "fields": {"program": 5, "total_available_spaces": 0, "total_reserved_spaces": 0, "start_time": "16:30:00", "end_time": "18:00:00", "monday": false, "tuesday": false, "wednesday": false, "thursday": true, "friday": false, "saturday": false, "sunday": false, "location": "LA", "note": ""}}, {"model": "app.programschedule", "pk": "Levels 4-7", "fields": {"program": 1, "total_available_spaces": 0, "total_reserved_spaces": 0, "start_time": "11:00:00", "end_time": "11:45:00", "monday": true, "tuesday": true, "wednesday": true, "thursday": true, "friday": true, "saturday": false, "sunday": false, "location": "LC", "note": ""}}, {"model": "app.programschedule", "pk": "Levels 8 & Up", "fields": {"program": 1, "total_available_spaces": 0, "total_reserved_spaces": 0, "start_time": "12:00:00", "end_time": "13:00:00", "monday": true, "tuesday": true, "wednesday": true, "thursday": true, "friday": true, "saturday": false, "sunday": false, "location": "LC", "note": ""}}, {"model": "app.programschedule", "pk": "Monday Golf", "fields": {"program": 0, "total_available_spaces": 0, "total_reserved_spaces": 0, "start_time": "12:00:00", "end_time": "16:00:00", "monday": true, "tuesday": false, "wednesday": false, "thursday": false, "friday": false, "saturday": false, "sunday": false, "location": "LD", "note": ""}}, {"model": "app.programschedule", "pk": "Sailing Races", "fields": {"program": 2, "total_available_spaces": 0, "total_reserved_spaces": 0, "start_time": "14:00:00", "end_time": "16:00:00", "monday": false, "tuesday": false, "wednesday": false, "thursday": false, "friday": false, "saturday": true, "sunday": false, "location": "LC", "note": ""}}, {"model": "app.programschedule", "pk": "Yoga", "fields": {"program": 3, "total_available_spaces": 0, "total_reserved_spaces": 0, "start_time": "09:00:00", "end_time": "10:00:00", "monday": false, "tuesday": true, "wednesday": false, "thursday": true, "friday": false, "saturday": false, "sunday": false, "location": "LA", "note": ""}}, {"model": "app.event", "pk": 1, "fields": {"name": "CPR & Defibrillator Training", "start_date": "2017-07-08", "end_date": "2017-07-08", "start_time": "10:00:00", "end_time": "12:00:00", "location": "LA", "unique_location": "", "cost": 40, "cost_has_hst": true, "image": "", "pdf_file": "", "description": "Space is Limited!  A minimum class size of 10 is required for each course;  Prepayment required, non-refundable.\r\n\r\nRegister @ the USLA AGM or via Cathy @ 647-808-6062", "contact_email": "jenchrreb@yahoo.com"}}, {"model": "app.event", "pk": 5, "fields": {"name": "30th Annual Craft Sale", "start_date": "2017-07-02", "end_date": "2017-07-02", "start_time": "10:00:00", "end_time": "18:00:00", "location": "LA", "unique_location": "", "cost": 0, "cost_has_hst": true, "image": "", "pdf_file": "", "description": "", "contact_email": ""}}, {"model": "app.event", "pk": 6, "fields": {"name": "111th Regatta", "start_date": "2017-08-05", "end_date": "2017-08-05", "start_time": "09:30:00", "end_time": "12:30:00", "location": "LC", "unique_location": "", "cost": 0, "cost_has_hst": true, "image": "", "pdf_file": "", "description": "", "contact_email": ""}}, {"model": "app.event", "pk": 7, "fields": {"name": "Family Dance", "start_date": "2017-08-05", "end_date": "2017-08-05", "start_time": "19:00:00", "end_time": "20:00:00", "location": "", "unique_location": "", "cost": 0, "cost_has_hst": true, "image": "", "pdf_file": "", "description": "", "contact_email": ""}}, {"model": "app.event", "pk": 8, "fields": {"name": "26th Annual Paddle", "start_date": "2017-07-16", "end_date": "2017-07-16", "start_time": "09:00:00", "end_time": "10:00:00", "location": "LC", "unique_location": "", "cost": 0, "cost_has_hst": true, "image": "", "pdf_file": "", "description": "", "contact_email": ""}}, {"model": "app.event", "pk": 9, "fields": {"name": "AGM", "start_date": "2017-07-01", "end_date": "2017-07-01", "start_time": "09:30:00", "end_time": "11:00:00", "location": "LA", "unique_location": "", "cost": 0, "cost_has_hst": true, "image": "", "pdf_file": "", "description": "", "contact_email": ""}}, {"model": "app.event", "pk": 10, "fields": {"name": "Canada Day BBQ", "start_date": "2017-07-01", "end_date": "2017-07-01", "start_time": "12:00:00", "end_time": "15:00:00", "location": "", "unique_location": "", "cost": 0, "cost_has_hst": true, "image": "", "pdf_file": "", "description": "", "contact_email": ""}}, {"model": "app.event", "pk": 11, "fields": {"name": "Canada Day Family Dance", "start_date": "2017-07-01", "end_date": "2017-07-01", "start_time": "20:00:00", "end_time": "22:00:00", "location": "", "unique_location": "", "cost": 0, "cost_has_hst": true, "image": "", "pdf_file": "", "description": "", "contact_email": ""}}, {"model": "auth.permission", "pk": 1, "fields": {"name": "Can add log entry", "content_type": 1, "codename": "add_logentry"}}, {"model": "auth.permission", "pk": 2, "fields": {"name": "Can change log entry", "content_type": 1, "codename": "change_logentry"}}, {"model": "auth.permission", "pk": 3, "fields": {"name": "Can delete log entry", "content_type": 1, "codename": "delete_logentry"}}, {"model": "auth.permission", "pk": 4, "fields": {"name": "Can add group", "content_type": 2, "codename": "add_group"}}, {"model": "auth.permission", "pk": 5, "fields": {"name": "Can change group", "content_type": 2, "codename": "change_group"}}, {"model": "auth.permission", "pk": 6, "fields": {"name": "Can delete group", "content_type": 2, "codename": "delete_group"}}, {"model": "auth.permission", "pk": 7, "fields": {"name": "Can add permission", "content_type": 3, "codename": "add_permission"}}, {"model": "auth.permission", "pk": 8, "fields": {"name": "Can change permission", "content_type": 3, "codename": "change_permission"}}, {"model": "auth.permission", "pk": 9, "fields": {"name": "Can delete permission", "content_type": 3, "codename": "delete_permission"}}, {"model": "auth.permission", "pk": 10, "fields": {"name": "Can add user", "content_type": 4, "codename": "add_user"}}, {"model": "auth.permission", "pk": 11, "fields": {"name": "Can change user", "content_type": 4, "codename": "change_user"}}, {"model": "auth.permission", "pk": 12, "fields": {"name": "Can delete user", "content_type": 4, "codename": "delete_user"}}, {"model": "auth.permission", "pk": 13, "fields": {"name": "Can add content type", "content_type": 5, "codename": "add_contenttype"}}, {"model": "auth.permission", "pk": 14, "fields": {"name": "Can change content type", "content_type": 5, "codename": "change_contenttype"}}, {"model": "auth.permission", "pk": 15, "fields": {"name": "Can delete content type", "content_type": 5, "codename": "delete_contenttype"}}, {"model": "auth.permission", "pk": 16, "fields": {"name": "Can add session", "content_type": 6, "codename": "add_session"}}, {"model": "auth.permission", "pk": 17, "fields": {"name": "Can change session", "content_type": 6, "codename": "change_session"}}, {"model": "auth.permission", "pk": 18, "fields": {"name": "Can delete session", "content_type": 6, "codename": "delete_session"}}, {"model": "auth.permission", "pk": 19, "fields": {"name": "Can add site settings", "content_type": 7, "codename": "add_sitesettings"}}, {"model": "auth.permission", "pk": 20, "fields": {"name": "Can change site settings", "content_type": 7, "codename": "change_sitesettings"}}, {"model": "auth.permission", "pk": 21, "fields": {"name": "Can delete site settings", "content_type": 7, "codename": "delete_sitesettings"}}, {"model": "auth.permission", "pk": 22, "fields": {"name": "Can add board positions", "content_type": 8, "codename": "add_boardpositions"}}, {"model": "auth.permission", "pk": 23, "fields": {"name": "Can change board positions", "content_type": 8, "codename": "change_boardpositions"}}, {"model": "auth.permission", "pk": 24, "fields": {"name": "Can delete board positions", "content_type": 8, "codename": "delete_boardpositions"}}, {"model": "auth.permission", "pk": 25, "fields": {"name": "Can add committee chair positions", "content_type": 9, "codename": "add_committeechairpositions"}}, {"model": "auth.permission", "pk": 26, "fields": {"name": "Can change committee chair positions", "content_type": 9, "codename": "change_committeechairpositions"}}, {"model": "auth.permission", "pk": 27, "fields": {"name": "Can delete committee chair positions", "content_type": 9, "codename": "delete_committeechairpositions"}}, {"model": "auth.permission", "pk": 28, "fields": {"name": "Can add committee member", "content_type": 10, "codename": "add_committeemember"}}, {"model": "auth.permission", "pk": 29, "fields": {"name": "Can change committee member", "content_type": 10, "codename": "change_committeemember"}}, {"model": "auth.permission", "pk": 30, "fields": {"name": "Can delete committee member", "content_type": 10, "codename": "delete_committeemember"}}, {"model": "auth.permission", "pk": 31, "fields": {"name": "Can add board member", "content_type": 11, "codename": "add_boardmember"}}, {"model": "auth.permission", "pk": 32, "fields": {"name": "Can change board member", "content_type": 11, "codename": "change_boardmember"}}, {"model": "auth.permission", "pk": 33, "fields": {"name": "Can delete board member", "content_type": 11, "codename": "delete_boardmember"}}, {"model": "auth.permission", "pk": 34, "fields": {"name": "Can add member", "content_type": 12, "codename": "add_member"}}, {"model": "auth.permission", "pk": 35, "fields": {"name": "Can change member", "content_type": 12, "codename": "change_member"}}, {"model": "auth.permission", "pk": 36, "fields": {"name": "Can delete member", "content_type": 12, "codename": "delete_member"}}, {"model": "auth.permission", "pk": 37, "fields": {"name": "Can add page", "content_type": 13, "codename": "add_page"}}, {"model": "auth.permission", "pk": 38, "fields": {"name": "Can change page", "content_type": 13, "codename": "change_page"}}, {"model": "auth.permission", "pk": 39, "fields": {"name": "Can delete page", "content_type": 13, "codename": "delete_page"}}, {"model": "auth.permission", "pk": 40, "fields": {"name": "Can add usla locations", "content_type": 14, "codename": "add_uslalocations"}}, {"model": "auth.permission", "pk": 41, "fields": {"name": "Can change usla locations", "content_type": 14, "codename": "change_uslalocations"}}, {"model": "auth.permission", "pk": 42, "fields": {"name": "Can delete usla locations", "content_type": 14, "codename": "delete_uslalocations"}}, {"model": "auth.permission", "pk": 43, "fields": {"name": "Can add program", "content_type": 15, "codename": "add_program"}}, {"model": "auth.permission", "pk": 44, "fields": {"name": "Can change program", "content_type": 15, "codename": "change_program"}}, {"model": "auth.permission", "pk": 45, "fields": {"name": "Can delete program", "content_type": 15, "codename": "delete_program"}}, {"model": "auth.permission", "pk": 46, "fields": {"name": "Can add program schedule", "content_type": 16, "codename": "add_programschedule"}}, {"model": "auth.permission", "pk": 47, "fields": {"name": "Can change program schedule", "content_type": 16, "codename": "change_programschedule"}}, {"model": "auth.permission", "pk": 48, "fields": {"name": "Can delete program schedule", "content_type": 16, "codename": "delete_programschedule"}}, {"model": "auth.permission", "pk": 49, "fields": {"name": "Can add program event", "content_type": 17, "codename": "add_programevent"}}, {"model": "auth.permission", "pk": 50, "fields": {"name": "Can change program event", "content_type": 17, "codename": "change_programevent"}}, {"model": "auth.permission", "pk": 51, "fields": {"name": "Can delete program event", "content_type": 17, "codename": "delete_programevent"}}, {"model": "auth.permission", "pk": 52, "fields": {"name": "Can add event", "content_type": 18, "codename": "add_event"}}, {"model": "auth.permission", "pk": 53, "fields": {"name": "Can change event", "content_type": 18, "codename": "change_event"}}, {"model": "auth.permission", "pk": 54, "fields": {"name": "Can delete event", "content_type": 18, "codename": "delete_event"}}, {"model": "auth.group", "pk": 1, "fields": {"name": "UslaSiteAdmin", "permissions": [31, 32, 33, 22, 23, 24, 25, 26, 27, 28, 29, 30, 52, 53, 54, 38, 43, 44, 45, 49, 50, 51, 46, 47, 48, 20, 40, 41, 42, 10, 11, 12]}}, {"model": "auth.user", "pk": 1, "fields": {"password": "pbkdf2_sha256$36000$UC9nhidEEMTN$YmV1qT+Lb+TT5nh7w4cxFzyMNOyJPclSDCpInGK/SFE=", "last_login": "2017-06-10T16:55:35.837Z", "is_superuser": true, "username": "virsunen", "first_name": "", "last_name": "", "email": "virsunen@gmail.com", "is_staff": true, "is_active": true, "date_joined": "2017-06-07T21:10:41.191Z", "groups": [], "user_permissions": []}}, {"model": "auth.user", "pk": 2, "fields": {"password": "pbkdf2_sha256$36000$i2vpaqCBQewK$/hH3zqoXOofciw3veyiAN5cCtp7Q/mMt3WaZlfaFZsU=", "last_login": "2017-06-10T19:48:13.363Z", "is_superuser": false, "username": "glenn", "first_name": "", "last_name": "", "email": "", "is_staff": true, "is_active": true, "date_joined": "2017-06-10T16:40:51Z", "groups": [1], "user_permissions": []}}, {"model": "admin.logentry", "pk": 1, "fields": {"action_time": "2017-06-07T22:18:58.247Z", "user": 1, "content_type": 15, "object_id": "0", "object_repr": "Swimming", "action_flag": 1, "change_message": "[{\"added\": {}}]"}}, {"model": "admin.logentry", "pk": 2, "fields": {"action_time": "2017-06-07T22:45:06.346Z", "user": 1, "content_type": 15, "object_id": "0", "object_repr": "Swimming", "action_flag": 2, "change_message": "[{\"changed\": {\"fields\": [\"pdf_file\"]}}]"}}, {"model": "admin.logentry", "pk": 3, "fields": {"action_time": "2017-06-07T23:29:12.750Z", "user": 1, "content_type": 7, "object_id": "1", "object_repr": "SiteSettings object", "action_flag": 1, "change_message": "[{\"added\": {}}]"}}, {"model": "admin.logentry", "pk": 4, "fields": {"action_time": "2017-06-08T00:34:51.708Z", "user": 1, "content_type": 13, "object_id": "Home", "object_repr": "Home", "action_flag": 2, "change_message": "[{\"changed\": {\"fields\": [\"description\"]}}]"}}, {"model": "admin.logentry", "pk": 5, "fields": {"action_time": "2017-06-08T00:35:44.834Z", "user": 1, "content_type": 13, "object_id": "Home", "object_repr": "Home", "action_flag": 2, "change_message": "[{\"changed\": {\"fields\": [\"description\"]}}]"}}, {"model": "admin.logentry", "pk": 6, "fields": {"action_time": "2017-06-08T00:37:06.085Z", "user": 1, "content_type": 15, "object_id": "0", "object_repr": "Swimming", "action_flag": 3, "change_message": ""}}, {"model": "admin.logentry", "pk": 7, "fields": {"action_time": "2017-06-08T01:16:00.058Z", "user": 1, "content_type": 13, "object_id": "Events", "object_repr": "Events", "action_flag": 2, "change_message": "[{\"changed\": {\"fields\": [\"image\"]}}]"}}, {"model": "admin.logentry", "pk": 8, "fields": {"action_time": "2017-06-08T01:18:04.481Z", "user": 1, "content_type": 13, "object_id": "Home", "object_repr": "Home", "action_flag": 2, "change_message": "[{\"changed\": {\"fields\": [\"image\"]}}]"}}, {"model": "admin.logentry", "pk": 9, "fields": {"action_time": "2017-06-08T01:18:09.219Z", "user": 1, "content_type": 13, "object_id": "Home", "object_repr": "Home", "action_flag": 2, "change_message": "[{\"changed\": {\"fields\": [\"image\"]}}]"}}, {"model": "admin.logentry", "pk": 10, "fields": {"action_time": "2017-06-08T01:19:32.689Z", "user": 1, "content_type": 13, "object_id": "Membership", "object_repr": "Membership", "action_flag": 2, "change_message": "[{\"changed\": {\"fields\": [\"image\", \"description\"]}}]"}}, {"model": "admin.logentry", "pk": 11, "fields": {"action_time": "2017-06-08T01:21:31.313Z", "user": 1, "content_type": 13, "object_id": "Contact", "object_repr": "Contact", "action_flag": 2, "change_message": "[{\"changed\": {\"fields\": [\"image\"]}}]"}}, {"model": "admin.logentry", "pk": 12, "fields": {"action_time": "2017-06-08T01:23:33.083Z", "user": 1, "content_type": 13, "object_id": "Programs", "object_repr": "Programs", "action_flag": 2, "change_message": "[{\"changed\": {\"fields\": [\"image\"]}}]"}}, {"model": "admin.logentry", "pk": 13, "fields": {"action_time": "2017-06-08T05:06:19.044Z", "user": 1, "content_type": 7, "object_id": "1", "object_repr": "usla.ca Settings", "action_flag": 2, "change_message": "[{\"changed\": {\"fields\": [\"facebook_link\", \"logo_header_image\", \"logo_btm_image\"]}}]"}}, {"model": "admin.logentry", "pk": 14, "fields": {"action_time": "2017-06-08T05:27:40.349Z", "user": 1, "content_type": 18, "object_id": "3", "object_repr": "Test Event 2", "action_flag": 3, "change_message": ""}}, {"model": "admin.logentry", "pk": 15, "fields": {"action_time": "2017-06-08T05:27:47.640Z", "user": 1, "content_type": 18, "object_id": "4", "object_repr": "Test Event 3", "action_flag": 3, "change_message": ""}}, {"model": "admin.logentry", "pk": 16, "fields": {"action_time": "2017-06-09T15:18:25.477Z", "user": 1, "content_type": 18, "object_id": "5", "object_repr": "30th Annual Craft Sale", "action_flag": 1, "change_message": "[{\"added\": {}}]"}}, {"model": "admin.logentry", "pk": 17, "fields": {"action_time": "2017-06-09T15:19:10.232Z", "user": 1, "content_type": 18, "object_id": "5", "object_repr": "30th Annual Craft Sale", "action_flag": 2, "change_message": "[{\"changed\": {\"fields\": [\"date\"]}}]"}}, {"model": "admin.logentry", "pk": 18, "fields": {"action_time": "2017-06-09T16:23:31.683Z", "user": 1, "content_type": 18, "object_id": "5", "object_repr": "30th Annual Craft Sale", "action_flag": 2, "change_message": "[{\"changed\": {\"fields\": [\"start_date\", \"location\"]}}]"}}, {"model": "admin.logentry", "pk": 19, "fields": {"action_time": "2017-06-09T16:25:00.370Z", "user": 1, "content_type": 18, "object_id": "1", "object_repr": "CPR & Defibrillator Training", "action_flag": 2, "change_message": "[{\"changed\": {\"fields\": [\"start_date\", \"location\"]}}]"}}, {"model": "admin.logentry", "pk": 20, "fields": {"action_time": "2017-06-09T16:26:58.903Z", "user": 1, "content_type": 15, "object_id": "0", "object_repr": "Golf", "action_flag": 1, "change_message": "[{\"added\": {}}]"}}, {"model": "admin.logentry", "pk": 21, "fields": {"action_time": "2017-06-09T16:27:13.130Z", "user": 1, "content_type": 15, "object_id": "0", "object_repr": "Golf", "action_flag": 2, "change_message": "[]"}}, {"model": "admin.logentry", "pk": 22, "fields": {"action_time": "2017-06-09T16:28:16.563Z", "user": 1, "content_type": 15, "object_id": "0", "object_repr": "Golf", "action_flag": 2, "change_message": "[]"}}, {"model": "admin.logentry", "pk": 23, "fields": {"action_time": "2017-06-09T16:38:49.992Z", "user": 1, "content_type": 15, "object_id": "0", "object_repr": "Golf", "action_flag": 2, "change_message": "[]"}}, {"model": "admin.logentry", "pk": 24, "fields": {"action_time": "2017-06-09T16:39:38.373Z", "user": 1, "content_type": 16, "object_id": "Monday Golf", "object_repr": "Monday Golf", "action_flag": 1, "change_message": "[{\"added\": {}}]"}}, {"model": "admin.logentry", "pk": 25, "fields": {"action_time": "2017-06-09T16:40:56.023Z", "user": 1, "content_type": 18, "object_id": "6", "object_repr": "111th Regatta", "action_flag": 1, "change_message": "[{\"added\": {}}]"}}, {"model": "admin.logentry", "pk": 26, "fields": {"action_time": "2017-06-09T16:41:44.011Z", "user": 1, "content_type": 18, "object_id": "7", "object_repr": "Family Dance", "action_flag": 1, "change_message": "[{\"added\": {}}]"}}, {"model": "admin.logentry", "pk": 27, "fields": {"action_time": "2017-06-09T17:08:34.589Z", "user": 1, "content_type": 16, "object_id": "Yoga", "object_repr": "Yoga", "action_flag": 1, "change_message": "[{\"added\": {}}]"}}, {"model": "admin.logentry", "pk": 28, "fields": {"action_time": "2017-06-09T17:09:21.917Z", "user": 1, "content_type": 16, "object_id": "Aerobics", "object_repr": "Aerobics", "action_flag": 1, "change_message": "[{\"added\": {}}]"}}, {"model": "admin.logentry", "pk": 29, "fields": {"action_time": "2017-06-09T17:10:09.167Z", "user": 1, "content_type": 16, "object_id": "Sailing Races", "object_repr": "Sailing Races", "action_flag": 1, "change_message": "[{\"added\": {}}]"}}, {"model": "admin.logentry", "pk": 30, "fields": {"action_time": "2017-06-09T17:11:10.302Z", "user": 1, "content_type": 16, "object_id": "Arts & Crafts", "object_repr": "Arts & Crafts", "action_flag": 1, "change_message": "[{\"added\": {}}]"}}, {"model": "admin.logentry", "pk": 31, "fields": {"action_time": "2017-06-09T17:12:21.424Z", "user": 1, "content_type": 18, "object_id": "8", "object_repr": "26th Annual Paddle", "action_flag": 1, "change_message": "[{\"added\": {}}]"}}, {"model": "admin.logentry", "pk": 32, "fields": {"action_time": "2017-06-09T17:14:21.449Z", "user": 1, "content_type": 18, "object_id": "9", "object_repr": "AGM", "action_flag": 1, "change_message": "[{\"added\": {}}]"}}, {"model": "admin.logentry", "pk": 33, "fields": {"action_time": "2017-06-09T17:15:07.978Z", "user": 1, "content_type": 18, "object_id": "10", "object_repr": "Canada Day BBQ", "action_flag": 1, "change_message": "[{\"added\": {}}]"}}, {"model": "admin.logentry", "pk": 34, "fields": {"action_time": "2017-06-09T17:16:30.976Z", "user": 1, "content_type": 18, "object_id": "11", "object_repr": "Canada Day Family Dance", "action_flag": 1, "change_message": "[{\"added\": {}}]"}}, {"model": "admin.logentry", "pk": 35, "fields": {"action_time": "2017-06-09T17:18:21.092Z", "user": 1, "content_type": 18, "object_id": "9", "object_repr": "AGM", "action_flag": 2, "change_message": "[{\"changed\": {\"fields\": [\"end_date\"]}}]"}}, {"model": "admin.logentry", "pk": 36, "fields": {"action_time": "2017-06-09T17:28:06.544Z", "user": 1, "content_type": 16, "object_id": "Landsports", "object_repr": "Landsports", "action_flag": 1, "change_message": "[{\"added\": {}}]"}}, {"model": "admin.logentry", "pk": 37, "fields": {"action_time": "2017-06-09T17:29:47.565Z", "user": 1, "content_type": 16, "object_id": "Beach Swim", "object_repr": "Beach Swim", "action_flag": 1, "change_message": "[{\"added\": {}}]"}}, {"model": "admin.logentry", "pk": 38, "fields": {"action_time": "2017-06-09T17:30:27.604Z", "user": 1, "content_type": 16, "object_id": "Levels 4-7", "object_repr": "Levels 4-7", "action_flag": 1, "change_message": "[{\"added\": {}}]"}}, {"model": "admin.logentry", "pk": 39, "fields": {"action_time": "2017-06-09T17:31:28.033Z", "user": 1, "content_type": 16, "object_id": "Levels 8 & Up", "object_repr": "Levels 8 & Up", "action_flag": 1, "change_message": "[{\"added\": {}}]"}}, {"model": "admin.logentry", "pk": 40, "fields": {"action_time": "2017-06-09T17:32:38.648Z", "user": 1, "content_type": 16, "object_id": "Crafts / Games", "object_repr": "Crafts / Games", "action_flag": 1, "change_message": "[{\"added\": {}}]"}}, {"model": "admin.logentry", "pk": 41, "fields": {"action_time": "2017-06-10T16:40:06.606Z", "user": 1, "content_type": 2, "object_id": "1", "object_repr": "UslaSiteAdmin", "action_flag": 1, "change_message": "[{\"added\": {}}]"}}, {"model": "admin.logentry", "pk": 42, "fields": {"action_time": "2017-06-10T16:40:51.347Z", "user": 1, "content_type": 4, "object_id": "2", "object_repr": "glenn", "action_flag": 1, "change_message": "[{\"added\": {}}]"}}, {"model": "admin.logentry", "pk": 43, "fields": {"action_time": "2017-06-10T16:41:10.530Z", "user": 1, "content_type": 4, "object_id": "2", "object_repr": "glenn", "action_flag": 2, "change_message": "[{\"changed\": {\"fields\": [\"is_staff\"]}}]"}}, {"model": "admin.logentry", "pk": 44, "fields": {"action_time": "2017-06-10T16:42:02.996Z", "user": 2, "content_type": 13, "object_id": "Home", "object_repr": "Home", "action_flag": 2, "change_message": "[]"}}]