[{"model": "app.sitesettings", "pk": 1, "fields": {"site_name": "usla.ca", "site_desc": "Upper Stoney Lake Association", "contact": "info@usla.ca", "facebook_link": "https://www.facebook.com/UpperStoneyLakeAssociation", "logo_header_image": "images/site/usla_regata_logo_212_160.png", "logo_btm_image": "images/site/usla_logo_red_yellow_212_105.png"}}, {"model": "app.boardpositions", "pk": "Director - Environment", "fields": {"order": 8}}, {"model": "app.boardpositions", "pk": "Director - Fundraising", "fields": {"order": 6}}, {"model": "app.boardpositions", "pk": "Director - Membership", "fields": {"order": 3}}, {"model": "app.boardpositions", "pk": "Director - Pavilion", "fields": {"order": 7}}, {"model": "app.boardpositions", "pk": "Director - Regatta", "fields": {"order": 5}}, {"model": "app.boardpositions", "pk": "Director - Swim / Youth", "fields": {"order": 4}}, {"model": "app.boardpositions", "pk": "President", "fields": {"order": 0}}, {"model": "app.boardpositions", "pk": "Proposed Director", "fields": {"order": 9}}, {"model": "app.boardpositions", "pk": "Secretary - Treasurer", "fields": {"order": 2}}, {"model": "app.boardpositions", "pk": "Treasurer", "fields": {"order": 1}}, {"model": "app.committeechairpositions", "pk": "Craft Sale", "fields": {"order": 0}}, {"model": "app.committeechairpositions", "pk": "Rocks / Shoals", "fields": {"order": 1}}, {"model": "app.committeechairpositions", "pk": "Summer Programs", "fields": {"order": 3}}, {"model": "app.committeechairpositions", "pk": "Yacht Club", "fields": {"order": 4}}, {"model": "app.committeemember", "pk": 1, "fields": {"order": 1, "name": "Glenn Hunter", "email": "stoneylakeartcraftshow@bell.net", "tel_num": "416-605-0246", "cel_num": "705-772-8136", "title": "Craft Sale", "image": "images/members/board/cc_craft_sale.png"}}, {"model": "app.committeemember", "pk": 2, "fields": {"order": 2, "name": "Michael Nolan", "email": "", "tel_num": "705-877-3657", "cel_num": "", "title": "Rocks / Shoals", "image": "images/members/board/cc_rocks_shoals.png"}}, {"model": "app.committeemember", "pk": 3, "fields": {"order": 3, "name": "Michael Boughner", "email": "michaelboughner@rogers.com", "tel_num": "416-482-3211", "cel_num": "647-453-7538", "title": "Rocks / Shoals", "image": "images/members/board/cc_rocks_shoals2.png"}}, {"model": "app.committeemember", "pk": 4, "fields": {"order": 4, "name": "Len Minty", "email": "lgminty@gmail.com", "tel_num": "705-877-2872", "cel_num": "", "title": "Summer Programs", "image": "images/members/board/cc_summer_programs.png"}}, {"model": "app.committeemember", "pk": 5, "fields": {"order": 100, "name": "Jane Greenwood", "email": "g.j.greenwood@xplornet.ca", "tel_num": "", "cel_num": "705-877-1314", "title": "Yacht Club", "image": "images/members/board/cc_yacht_club.png"}}, {"model": "app.committeemember", "pk": 6, "fields": {"order": 100, "name": "Tania Craig", "email": "thecraigfamily@sympatico.ca", "tel_num": "705-877-1314", "cel_num": "905-439-8775", "title": "Yacht Club", "image": "images/members/board/cc_yacht_club2.png"}}, {"model": "app.boardmember", "pk": 19, "fields": {"order": 1, "name": "Elizabeth Hyde", "email": "elizabethhyde@gmail.com", "tel_num": "705-877-9293", "cel_num": "647-965-9032", "title": "President", "image": "images/members/committee/president.png"}}, {"model": "app.boardmember", "pk": 20, "fields": {"order": 2, "name": "Mike Stewart", "email": "mastewart@icloud.com", "tel_num": "705-812-1024", "cel_num": "647-283-7200", "title": "Treasurer", "image": "images/members/committee/treasurer.png"}}, {"model": "app.boardmember", "pk": 21, "fields": {"order": 3, "name": "Brittany Owens", "email": "owensbrittany@hotmail.com", "tel_num": "", "cel_num": "647-537-1819", "title": "Secretary - Treasurer", "image": "images/members/committee/secretary.png"}}, {"model": "app.boardmember", "pk": 22, "fields": {"order": 4, "name": "Shelagh Landsmann", "email": "shelagh@bell.net", "tel_num": "705-877-2884", "cel_num": "705-741-6800", "title": "Director - Membership", "image": "images/members/committee/director_membership.png"}}, {"model": "app.boardmember", "pk": 23, "fields": {"order": 5, "name": "Cathy Miller", "email": "jenchrreb@yahoo.com", "tel_num": "", "cel_num": "647-808-6062", "title": "Director - Swim / Youth", "image": "images/members/committee/director_swim_youth.png"}}, {"model": "app.boardmember", "pk": 24, "fields": {"order": 6, "name": "John Pitblado", "email": "johnpitblado@yahoo.ca", "tel_num": "", "cel_num": "416-410-8716", "title": "Director - Regatta", "image": "images/members/committee/director_regatta.png"}}, {"model": "app.boardmember", "pk": 25, "fields": {"order": 7, "name": "Eddie Beqaj", "email": "edwardbeqaj@gmail.com", "tel_num": "705-877-2950", "cel_num": "416-705-8086", "title": "Director - Fundraising", "image": "images/members/committee/director_fundraising.png"}}, {"model": "app.boardmember", "pk": 26, "fields": {"order": 8, "name": "Jim Rickard", "email": "rickardjg@hotmail.com", "tel_num": "705-877-8878", "cel_num": "", "title": "Director - Pavilion", "image": "images/members/committee/director_pavilion.png"}}, {"model": "app.boardmember", "pk": 27, "fields": {"order": 9, "name": "Jim Patterson", "email": "mediaguy@theduckpond.tv", "tel_num": "705-877-8201", "cel_num": "705-875-1844", "title": "Director - Environment", "image": "images/members/committee/director_environment.png"}}, {"model": "app.boardmember", "pk": 28, "fields": {"order": 10, "name": "Glenn Hunter", "email": "gshunter@sympatico.ca", "tel_num": "", "cel_num": "705-772-8136", "title": "Proposed Director", "image": "images/members/committee/proposed_director.png"}}, {"model": "app.boardmember", "pk": 29, "fields": {"order": 11, "name": "Julian Pope", "email": "bigjuli@rogers.com", "tel_num": "416-886-6475", "cel_num": "", "title": "Proposed Director", "image": "images/members/committee/proposed_director2.png"}}, {"model": "app.page", "pk": "Contact", "fields": {"slug": "contact", "fa_icon": "fa-envelope", "sub_description": "Contact description", "image": "images/pages/contact/usla_contact_sml.png", "description": "Page Description", "page_order": 4}}, {"model": "app.page", "pk": "Events", "fields": {"slug": "events", "fa_icon": "fa-calendar", "sub_description": "USLA Upcoming Events", "image": "images/pages/events/usla_events_sml.png", "description": "Remember Blah Blah", "page_order": 1}}, {"model": "app.page", "pk": "Home", "fields": {"slug": "home", "fa_icon": "fa-home", "sub_description": "Home Page", "image": "images/pages/home/Cover_picture.jpg", "description": "<h2>Upper Stoney Lake Association</h2>\r\n<p>It was many years ago when the Upper Stony (yes, Stony) Lake Association started. Always called the bulletin, their first newsletter was Volume 1, 1955 and \u201cpublished once in a while in the interests of Cottagers and Lodge Owners on Upper Stony Lake.\u201d The first newsletter was three pages.</p>\r\n\r\n<p>With four officers and five directors, it was noted that \u201cIt comprises: The Landing, The North Shore, Northey\u2019s Bay, The Islands, Mouth of the Cree, South Bay, Burnham Lodge, Irwin Inn, Birchmuir Lodge, Whetung\u2019s Pavilion, Knox\u2019s, Boschink Narrows, The Duck Pond and Jack\u2019s Creek.\u201d</p>\r\n\r\n<p>Their bulletin was considered a new venture by the Association to keep members posted on things of interest about the lake. Although printed 62 years ago, the issues they considered serious then included \u201calgae in the water\u201d, \u201c fire protection\u201d, \u201cburglary\u201d, and \u201croad maintenance\u201d. Many of those same issues remain strong in the minds of members today.</p>\r\n\r\n<p>Membership to the association, at that time $1 for each family member over 18 years, was earmarked to be spent on the Regatta and upkeep of the pavilion and the maintenance of the Landing.\r\nOver the years the association has flourished and grown \u2013 grown not only in membership and issues, but also grown in the name, with an \u201ce\u201d being added to Stony. The first sign of the \u201ce\u201d was in the Regatta Notice of 1960. It appeared once again in 1965, but it was in 1972 that it became a constant.</p>\r\n\r\n<p>Throughout the years there have been changes in the association, ranging from activities put on, to different events in the Regatta \u2013 there are no longer boat races with a maximum 6HP motor powering your boat!</p>\r\n\r\n<p>In the early 1900s a trip to the cottage from as close as 14 miles away was a day-long event. Today even flying from Europe, you will get to the cottage just as quickly. Membership invoices are now emailed and payments sent by Internet transfers. Websites and Facebook bring news to people within mere minutes. There have been many bulletins produced over the years, although now on a somewhat more consistent basis. The membership has fluctuated and prices have increased. People now live at their \u201ccottages\u201d 12 months of the year; some even fly in for the weekend.</p>\r\n\r\n<p>There is, however, one constant that has been evident throughout these many years. That is the dedication of members and volunteers to the lake. The environment has always been a concern, as has the water quality. Today\u2019s cottagers, residents, members and volunteers are dedicated to helping preserve forever what brought people to our lake in the first place. The beautiful views; the comradery of friends and neighbours; the life-long bonds created; the sight of rolling waves and the sounds of nature are just part of what makes Stoney Lake so special.</p>\r\n\r\n<h5><i>Shelagh Landsmann / June 2017</i></h5>", "page_order": 0}}, {"model": "app.page", "pk": "Membership", "fields": {"slug": "membership", "fa_icon": "fa-group", "sub_description": "The Title Description", "image": "images/pages/membership/usla_membership_sml.png", "description": "<p>Membership Page</p>", "page_order": 3}}, {"model": "app.page", "pk": "Programs", "fields": {"slug": "programs", "fa_icon": "fa-pencil-square", "sub_description": "2017 -  USLA Programs", "image": "images/pages/programs/usla_programs.png", "description": "We have lots of exciting....", "page_order": 2}}, {"model": "app.program", "pk": 0, "fields": {"name": "Golf", "description": "", "image": "", "pdf_file": "", "fa_icon": "fa-flag", "start_date": "2017-07-03", "end_date": "2017-08-28", "sub_description": "", "contact_name": "", "contact_email": "", "contact_tel": ""}}, {"model": "app.program", "pk": 1, "fields": {"name": "Swimming", "description": "We are excited that some of our Instructors and many of our volunteers are returning this summer!  Our programming will be much the same as last year but without Olympics Day. The Irwin family have graciously allowed us to continue the Beach swim component on their property. Finally we have a fantastic FREE program hosted by Camp Kawartha in August (see ad Page ?? for details) and hope you will pre-register your kids/grandkids to be sure they get a spot!", "image": "", "pdf_file": "files/programs/pdf/swim_registration_form_2QFwGMF.pdf", "fa_icon": "fa-tint", "start_date": "2017-07-03", "end_date": "2017-08-11", "sub_description": "* Crafts and games - $10 per class or $20 for the week (3 classes).  Discounted if you prepay for 2 weeks of crafts to $35.", "contact_name": "Cathy Miller", "contact_email": "", "contact_tel": ""}}, {"model": "app.program", "pk": 2, "fields": {"name": "Sailing", "description": "", "image": "", "pdf_file": "", "fa_icon": "fa-life-saver", "start_date": "2017-06-04", "end_date": "2017-06-04", "sub_description": "", "contact_name": "", "contact_email": "", "contact_tel": ""}}, {"model": "app.program", "pk": 3, "fields": {"name": "Yoga", "description": "", "image": "", "pdf_file": "", "fa_icon": "fa-child", "start_date": "2017-07-04", "end_date": "2017-08-31", "sub_description": "", "contact_name": "", "contact_email": "", "contact_tel": ""}}, {"model": "app.program", "pk": 4, "fields": {"name": "Aerobics", "description": "", "image": "", "pdf_file": "", "fa_icon": "fa-heart", "start_date": "2017-07-03", "end_date": "2017-09-06", "sub_description": "", "contact_name": "", "contact_email": "", "contact_tel": ""}}, {"model": "app.program", "pk": 5, "fields": {"name": "Landsports", "description": "", "image": "", "pdf_file": "", "fa_icon": "fa-bicycle", "start_date": "2017-07-06", "end_date": "2017-08-10", "sub_description": "", "contact_name": "", "contact_email": "", "contact_tel": ""}}, {"model": "app.program", "pk": 6, "fields": {"name": "Crafts", "description": "", "image": "", "pdf_file": "", "fa_icon": "fa-cut", "start_date": "2017-07-03", "end_date": "2017-08-11", "sub_description": "", "contact_name": "", "contact_email": "", "contact_tel": ""}}, {"model": "app.programschedule", "pk": "Aerobics", "fields": {"program": 4, "total_available_spaces": 0, "total_reserved_spaces": 0, "start_time": "10:00:00", "end_time": "11:00:00", "monday": true, "tuesday": false, "wednesday": true, "thursday": false, "friday": true, "saturday": false, "sunday": false, "location": "LA", "note": ""}}, {"model": "app.programschedule", "pk": "Arts & Crafts", "fields": {"program": 6, "total_available_spaces": 0, "total_reserved_spaces": 0, "start_time": "09:00:00", "end_time": "10:00:00", "monday": true, "tuesday": false, "wednesday": true, "thursday": false, "friday": true, "saturday": false, "sunday": false, "location": "LA", "note": ""}}, {"model": "app.programschedule", "pk": "Beach Swim", "fields": {"program": 1, "total_available_spaces": 0, "total_reserved_spaces": 0, "start_time": "10:15:00", "end_time": "10:45:00", "monday": true, "tuesday": true, "wednesday": true, "thursday": true, "friday": true, "saturday": false, "sunday": false, "location": "LB", "note": ""}}, {"model": "app.programschedule", "pk": "Crafts / Games", "fields": {"program": 1, "total_available_spaces": 0, "total_reserved_spaces": 0, "start_time": "09:00:00", "end_time": "10:00:00", "monday": true, "tuesday": false, "wednesday": true, "thursday": false, "friday": true, "saturday": false, "sunday": false, "location": "LA", "note": "Crafts and games - $10 per class or $20 for the week (3 classes).  Discounted if you prepay for 2 weeks of crafts to $35."}}, {"model": "app.programschedule", "pk": "Landsports", "fields": {"program": 5, "total_available_spaces": 0, "total_reserved_spaces": 0, "start_time": "16:30:00", "end_time": "18:00:00", "monday": false, "tuesday": false, "wednesday": false, "thursday": true, "friday": false, "saturday": false, "sunday": false, "location": "LA", "note": ""}}, {"model": "app.programschedule", "pk": "Levels 4-7", "fields": {"program": 1, "total_available_spaces": 0, "total_reserved_spaces": 0, "start_time": "11:00:00", "end_time": "11:45:00", "monday": true, "tuesday": true, "wednesday": true, "thursday": true, "friday": true, "saturday": false, "sunday": false, "location": "LC", "note": ""}}, {"model": "app.programschedule", "pk": "Levels 8 & Up", "fields": {"program": 1, "total_available_spaces": 0, "total_reserved_spaces": 0, "start_time": "12:00:00", "end_time": "13:00:00", "monday": true, "tuesday": true, "wednesday": true, "thursday": true, "friday": true, "saturday": false, "sunday": false, "location": "LC", "note": ""}}, {"model": "app.programschedule", "pk": "Monday Golf", "fields": {"program": 0, "total_available_spaces": 0, "total_reserved_spaces": 0, "start_time": "12:00:00", "end_time": "16:00:00", "monday": true, "tuesday": false, "wednesday": false, "thursday": false, "friday": false, "saturday": false, "sunday": false, "location": "LD", "note": ""}}, {"model": "app.programschedule", "pk": "Sailing Races", "fields": {"program": 2, "total_available_spaces": 0, "total_reserved_spaces": 0, "start_time": "14:00:00", "end_time": "16:00:00", "monday": false, "tuesday": false, "wednesday": false, "thursday": false, "friday": false, "saturday": true, "sunday": false, "location": "LC", "note": ""}}, {"model": "app.programschedule", "pk": "Yoga", "fields": {"program": 3, "total_available_spaces": 0, "total_reserved_spaces": 0, "start_time": "09:00:00", "end_time": "10:00:00", "monday": false, "tuesday": true, "wednesday": false, "thursday": true, "friday": false, "saturday": false, "sunday": false, "location": "LA", "note": ""}}, {"model": "app.event", "pk": 1, "fields": {"name": "CPR & Defibrillator Training", "start_date": "2017-07-08", "end_date": "2017-07-08", "start_time": "10:00:00", "end_time": "12:00:00", "location": "LA", "unique_location": "", "cost": 40, "cost_has_hst": true, "image": "", "pdf_file": "", "description": "Space is Limited!  A minimum class size of 10 is required for each course;  Prepayment required, non-refundable.\r\n\r\nRegister @ the USLA AGM or via Cathy @ 647-808-6062", "contact_email": "jenchrreb@yahoo.com"}}, {"model": "app.event", "pk": 5, "fields": {"name": "30th Annual Craft Sale", "start_date": "2017-07-02", "end_date": "2017-07-02", "start_time": "10:00:00", "end_time": "16:00:00", "location": "LA", "unique_location": "Crowes Landing", "cost": 0, "cost_has_hst": true, "image": "", "pdf_file": "", "description": "This is the Kawartha's largest Art and Craft Show. This year over 80 vendors will present to you everything imaginable in either Fine Art, or Unique Craft Works. We will have live Jazz musicians to entertain you, Coffee and Sweets available from Kyoto Coffee, Hamburgers, Hot Dogs on the grill to purchase along with soft drinks. Parking is FREE, Entrance is FREE, and the Fun is also FREE.\r\nCome out and join us, support the local community.", "contact_email": ""}}, {"model": "app.event", "pk": 6, "fields": {"name": "111th Regatta", "start_date": "2017-08-05", "end_date": "2017-08-05", "start_time": "09:30:00", "end_time": "16:30:00", "location": "LC", "unique_location": "", "cost": 5, "cost_has_hst": false, "image": "", "pdf_file": "", "description": "Registration for the Regatta is on site, starting at 9am\r\n\r\n$5.00 for Junior, 14 and under, and $10.00 for Adults.", "contact_email": ""}}, {"model": "app.event", "pk": 7, "fields": {"name": "Family Dance", "start_date": "2017-08-05", "end_date": "2017-08-05", "start_time": "19:00:00", "end_time": "20:00:00", "location": "", "unique_location": "", "cost": 0, "cost_has_hst": true, "image": "", "pdf_file": "", "description": "", "contact_email": ""}}, {"model": "app.event", "pk": 8, "fields": {"name": "26th Annual Paddle", "start_date": "2017-07-16", "end_date": "2017-07-16", "start_time": "09:00:00", "end_time": "10:00:00", "location": "LC", "unique_location": "", "cost": 0, "cost_has_hst": true, "image": "", "pdf_file": "", "description": "", "contact_email": ""}}, {"model": "app.event", "pk": 9, "fields": {"name": "AGM", "start_date": "2017-07-01", "end_date": "2017-07-01", "start_time": "09:30:00", "end_time": "11:00:00", "location": "LA", "unique_location": "", "cost": 0, "cost_has_hst": true, "image": "", "pdf_file": "", "description": "", "contact_email": ""}}, {"model": "app.event", "pk": 10, "fields": {"name": "Canada Day BBQ", "start_date": "2017-07-01", "end_date": "2017-07-01", "start_time": "12:00:00", "end_time": "15:00:00", "location": "", "unique_location": "", "cost": 0, "cost_has_hst": true, "image": "", "pdf_file": "", "description": "", "contact_email": ""}}, {"model": "app.event", "pk": 11, "fields": {"name": "Canada Day Family Dance", "start_date": "2017-07-01", "end_date": "2017-07-01", "start_time": "20:00:00", "end_time": "22:00:00", "location": "", "unique_location": "", "cost": 0, "cost_has_hst": true, "image": "", "pdf_file": "", "description": "", "contact_email": ""}}, {"model": "app.event", "pk": 12, "fields": {"name": "USLA Fireworks", "start_date": "2017-07-02", "end_date": "2017-07-02", "start_time": "21:30:00", "end_time": "22:00:00", "location": "", "unique_location": "Upper Stoney Lake", "cost": 0, "cost_has_hst": true, "image": "", "pdf_file": "", "description": "Join us for a very Special Night on the water, our 150th Canadian Anniversary, with a spectacular and imaginative display of Fireworks, put on by your neighbors, and funded by donations from families, and  sponsors. This year the show will be larger and unbelievable, starting at Dusk, with members, family and friends, and boaters from all parts of our Lake joining the hundred's of boats to watch.", "contact_email": ""}}, {"model": "app.event", "pk": 13, "fields": {"name": "2017 Comedy Night", "start_date": "2017-07-15", "end_date": "2017-07-16", "start_time": "20:00:00", "end_time": "01:00:00", "location": "LA", "unique_location": "", "cost": 0, "cost_has_hst": true, "image": "", "pdf_file": "", "description": "Eddie will provide more details", "contact_email": ""}}, {"model": "app.event", "pk": 14, "fields": {"name": "23rd Annual Kids Fishing Derby", "start_date": "2017-07-09", "end_date": "2017-07-09", "start_time": "08:00:00", "end_time": "11:00:00", "location": "", "unique_location": "Upper Stoney Lake", "cost": 0, "cost_has_hst": true, "image": "images/events/fishing_derby.jpg", "pdf_file": "", "description": "To coincide with Family Fishing Week, \"Kids\" bring your catch to Crowe's Landing for the weigh-in at 11am. There will be lots of prizes for many different categories", "contact_email": ""}}, {"model": "app.event", "pk": 15, "fields": {"name": "Swing Dance", "start_date": "2017-08-12", "end_date": "2017-08-12", "start_time": "20:00:00", "end_time": "23:00:00", "location": "LA", "unique_location": "", "cost": 10, "cost_has_hst": false, "image": "images/events/Swing_Jazz_Musicians.jpg", "pdf_file": "", "description": "Join us for a great Evening of Swing Jazz, and Dancing", "contact_email": ""}}, {"model": "app.event", "pk": 16, "fields": {"name": "Movie Night Premier Screening", "start_date": "2017-07-22", "end_date": "2017-07-22", "start_time": "19:30:00", "end_time": "22:00:00", "location": "LA", "unique_location": "", "cost": 15, "cost_has_hst": false, "image": "", "pdf_file": "", "description": "USLA presents the STONEY LAKE premiere of ARCTIC SECRETES Yukon Wild at the Pavilion. Screening followed with a Q&A with producer and Stoney Lake cottager Peter Raymont. \r\nCash Bar\r\nTickets available at Stoney Lake Market, Woodview General Store, or at the door", "contact_email": ""}}]